date,cow_no,code1,code2,morning,evening,remark,total
2026-07-17,1,25C,1111857,3.3,3.2,,6.5
2026-07-17,2,25C,1111878,1.2,1.0,,2.2
2026-07-17,3,100711,753283,0.0,0.0,,0.0
2026-07-17,4,25C,1111882,0.0,0.0,,0.0
2026-07-17,5,106208,691820,0.0,0.0,,0.0
2026-07-17,6,25C,1111883,0.0,0.0,,0.0
2026-07-17,7,25C,1111863,0.0,0.0,,0.0
2026-07-17,8,25C,1111853,2.4,1.9,,4.3
2026-07-17,9,102525,657298,2.2,2.4,,4.6
2026-07-17,10,100711,753033,1.8,1.8,,3.6
2026-07-17,11,105153,142248,2.3,2.0,,4.3
2026-07-17,12,100711,753000,0.5,0.0,,0.5
2026-07-17,13,25C,1111891,0.4,1.1,,1.5
2026-07-17,14,25C,1111894,3.8,4.0,,7.8
2026-07-17,15,100711,753363,2.8,2.8,,5.6
2026-07-17,16,340075,652706,2.9,2.9,,5.8
2026-07-17,17,100711,753261,2.6,2.2,,4.800000000000001
2026-07-17,18,100711,753248,2.0,2.7,,4.7
2026-07-17,19,25C,1111884,3.1,2.4,,5.5
2026-07-17,20,100711,753250,2.6,2.6,mestitis,5.2
2026-07-17,21,100711,753294,4.5,4.7,,9.2
2026-07-17,22,25C,1111899,5.0,5.5,,10.5
2026-07-17,23,25C,1111852,2.1,2.9,,5.0
2026-07-17,24,100648,121543,1.6,1.4,,3.0
2026-07-17,25,100646,876742,4.1,3.9,,8.0
2026-07-17,26,25C,1111885,4.0,4.1,,8.1
2026-07-17,27,25C,1111881,2.0,2.2,,4.2
2026-07-17,28,25C,1111858,1.4,1.1,,2.5
2026-07-17,29,106203,526677,0.0,0.0,,0.0
2026-07-17,30,25C,1111859,1.7,3.1,,4.8
2026-07-17,31,102540,482731,4.8,4.5,,9.3
2026-07-17,32,25C,1111893,5.2,5.2,,10.4
2026-07-17,33,25C,1111864,2.2,2.5,,4.7
2026-07-17,34,100711,753090,4.5,3.8,,8.3
2026-07-17,35,103352,627815,2.4,2.3,,4.699999999999999
2026-07-17,36,25C,1111869,4.2,3.9,,8.1
2026-07-17,37,100648,119170,3.9,3.3,,7.199999999999999
2026-07-17,38,25C,1111861,5.4,5.8,,11.2
2026-07-17,39,103352,819682,5.2,5.0,,10.2
2026-07-17,40,100711,753204,3.7,3.0,,6.7
2026-07-17,41,106190,606824,3.2,2.8,,6.0
2026-07-17,42,25C,1111876,1.5,1.6,,3.1
2026-07-17,43,25C,1111856,5.0,5.3,,10.3
2026-07-17,44,25C,1111897,4.6,4.5,,9.1
2026-07-17,45,25C,1111873,2.1,2.1,,4.2
2026-07-17,46,25C,1111874,2.3,2.9,,5.199999999999999
2026-07-17,47,25C,1111862,6.6,6.0,,12.6
2026-07-17,48,106190,608273,4.4,3.5,,7.9
2026-07-17,49,25C,1111877,4.4,4.7,,9.100000000000001
2026-07-17,50,180064,876580,2.6,3.2,,5.800000000000001
2026-07-17,51,1061520,10782,3.4,2.6,,6.0
2026-07-17,52,102632,508757,3.0,3.0,,6.0
2026-07-17,53,25C,1111880,3.2,5.0,,8.2
2026-07-17,54,25C,1111867,4.1,4.2,,8.3
2026-07-17,55,25C,1111892,2.9,2.9,,5.8
2026-07-17,56,100649,445286,3.1,3.0,,6.1
2026-07-17,57,25C,1111898,0.0,0.0,,0.0
2026-07-18,1,25C,1111857,3.1,2.9,,6.0
2026-07-18,2,25C,1111878,1.2,1.1,,2.3
2026-07-18,3,100711,753283,0.0,0.0,,0.0
2026-07-18,4,25C,1111882,0.0,0.0,,0.0
2026-07-18,5,106208,691820,0.0,0.0,,0.0
2026-07-18,6,25C,1111883,0.0,0.0,,0.0
2026-07-18,7,25C,1111863,0.0,0.0,,0.0
2026-07-18,8,25C,1111853,2.0,2.2,,4.2
2026-07-18,9,102525,657298,2.3,2.3,,4.6
2026-07-18,10,100711,753033,2.0,1.9,,3.9
2026-07-18,11,105153,142248,2.2,2.0,,4.2
2026-07-18,12,100711,753000,1.6,0.0,,1.6
2026-07-18,13,25C,1111891,0.2,0.0,,0.2
2026-07-18,14,25C,1111894,4.3,4.0,,8.3
2026-07-18,15,100711,753363,3.1,2.5,,5.6
2026-07-18,16,340075,652706,2.9,3.0,,5.9
2026-07-18,17,100711,753261,2.5,2.4,,4.9
2026-07-18,18,100711,753248,2.3,2.9,,5.199999999999999
2026-07-18,19,25C,1111884,2.5,2.3,,4.8
2026-07-18,20,100711,753250,2.5,2.6,,5.1
2026-07-18,21,100711,753294,5.0,4.1,,9.1
2026-07-18,22,25C,1111899,5.4,5.5,,10.9
2026-07-18,23,25C,1111852,2.7,1.8,,4.5
2026-07-18,24,100648,121543,1.7,1.3,,3.0
2026-07-18,25,100646,876742,3.9,3.3,,7.199999999999999
2026-07-18,26,25C,1111885,4.2,3.3,,7.5
2026-07-18,27,25C,1111881,2.5,2.1,,4.6
2026-07-18,28,25C,1111858,0.7,0.0,,0.7
2026-07-18,29,106203,526677,0.0,1.0,,1.0
2026-07-18,30,25C,1111859,1.6,2.4,,4.0
2026-07-18,31,102540,482731,4.9,4.3,,9.2
2026-07-18,32,25C,1111893,5.3,5.5,,10.8
2026-07-18,33,25C,1111864,2.2,2.0,,4.2
2026-07-18,34,100711,753090,4.2,3.8,,8.0
2026-07-18,35,103352,627815,2.6,2.6,,5.2
2026-07-18,36,25C,1111869,4.1,4.8,,8.899999999999999
2026-07-18,37,100648,119170,3.7,4.2,,7.9
2026-07-18,38,25C,1111861,6.0,5.6,,11.6
2026-07-18,39,103352,819682,5.9,4.9,,10.8
2026-07-18,40,100711,753204,3.8,3.6,,7.4
2026-07-18,41,106190,606824,2.8,2.7,,5.5
2026-07-18,42,25C,1111876,1.6,1.5,,3.1
2026-07-18,43,25C,1111856,5.9,4.8,,10.7
2026-07-18,44,25C,1111897,4.7,4.3,,9.0
2026-07-18,45,25C,1111873,2.2,2.0,,4.2
2026-07-18,46,25C,1111874,3.0,3.1,,6.1
2026-07-18,47,25C,1111862,6.8,5.4,,12.2
2026-07-18,48,106190,608273,4.3,3.4,,7.699999999999999
2026-07-18,49,25C,1111877,4.9,4.1,,9.0
2026-07-18,50,180064,876580,3.1,3.0,,6.1
2026-07-18,51,1061520,10782,3.8,3.2,,7.0
2026-07-18,52,102632,508757,0.0,2.0,,2.0
2026-07-18,53,25C,1111880,3.3,2.8,,6.1
2026-07-18,54,25C,1111867,3.9,3.5,,7.4
2026-07-18,55,25C,1111892,3.0,3.1,,6.1
2026-07-18,56,100649,445286,3.4,2.9,,6.3
2026-07-18,57,25C,1111898,0.0,0.0,,0.0
2026-07-19,1,25C,1111857,2.7,2.3,,5.0
2026-07-19,2,25C,1111878,1.3,1.0,,2.3
2026-07-19,3,100711,753283,0.0,0.0,,0.0
2026-07-19,4,25C,1111882,0.0,0.0,,0.0
2026-07-19,5,106208,691820,0.0,0.0,,0.0
2026-07-19,6,25C,1111883,0.0,0.0,,0.0
2026-07-19,7,25C,1111863,0.0,0.0,,0.0
2026-07-19,8,25C,1111853,2.1,1.7,,3.8
2026-07-19,9,102525,657298,2.3,1.9,,4.199999999999999
2026-07-19,10,100711,753033,1.8,2.0,,3.8
2026-07-19,11,105153,142248,2.3,1.0,,3.3
2026-07-19,12,100711,753000,1.2,0.0,,1.2
2026-07-19,13,25C,1111891,1.2,0.0,,1.2
2026-07-19,14,25C,1111894,4.5,3.4,,7.9
2026-07-19,15,100711,753363,1.8,2.6,,4.4
2026-07-19,16,340075,652706,2.9,2.6,,5.5
2026-07-19,17,100711,753261,2.9,2.4,,5.3
2026-07-19,18,100711,753248,2.3,2.5,,4.8
2026-07-19,19,25C,1111884,2.5,1.8,,4.3
2026-07-19,20,100711,753250,2.6,1.9,,4.5
2026-07-19,21,100711,753294,4.3,4.2,,8.5
2026-07-19,22,25C,1111899,4.5,4.4,,8.9
2026-07-19,23,25C,1111852,3.2,1.9,,5.1
2026-07-19,24,100648,121543,1.5,2.0,,3.5
2026-07-19,25,100646,876742,4.3,3.1,,7.4
2026-07-19,26,25C,1111885,3.9,3.7,,7.6
2026-07-19,27,25C,1111881,1.9,1.6,,3.5
2026-07-19,28,25C,1111858,1.3,1.2,,2.5
2026-07-19,29,106203,526677,0.0,0.0,,0.0
2026-07-19,30,25C,1111859,1.5,1.5,,3.0
2026-07-19,31,102540,482731,4.9,4.8,,9.7
2026-07-19,32,25C,1111893,6.6,5.2,,11.8
2026-07-19,33,25C,1111864,2.2,1.8,,4.0
2026-07-19,34,100711,753090,4.0,3.7,,7.7
2026-07-19,35,103352,627815,2.8,2.2,,5.0
2026-07-19,36,25C,1111869,5.0,4.0,,9.0
2026-07-19,37,100648,119170,4.2,1.8,,6.0
2026-07-19,38,25C,1111861,6.2,5.4,,11.600000000000001
2026-07-19,39,103352,819682,5.5,4.6,,10.1
2026-07-19,40,100711,753204,4.0,3.1,,7.1
2026-07-19,41,106190,606824,2.4,1.9,,4.3
2026-07-19,42,25C,1111876,1.1,1.0,,2.1
2026-07-19,43,25C,1111856,5.0,4.5,,9.5
2026-07-19,44,25C,1111897,5.0,4.1,,9.1
2026-07-19,45,25C,1111873,2.5,2.3,,4.8
2026-07-19,46,25C,1111874,3.3,3.0,,6.3
2026-07-19,47,25C,1111862,6.5,6.0,,12.5
2026-07-19,48,106190,608273,4.4,3.9,,8.3
2026-07-19,49,25C,1111877,3.9,3.9,,7.8
2026-07-19,50,180064,876580,3.2,3.0,,6.2
2026-07-19,51,1061520,10782,3.2,3.4,,6.6
2026-07-19,52,102632,508757,0.0,1.8,,1.8
2026-07-19,53,25C,1111880,3.3,2.8,,6.1
2026-07-19,54,25C,1111867,4.1,3.5,,7.6
2026-07-19,55,25C,1111892,3.0,2.4,,5.4
2026-07-19,56,100649,445286,3.3,2.1,,5.4
2026-07-19,57,25C,1111898,0.0,0.0,,0.0
2026-07-20,1,25C,1111857,2.2,2.2,,4.4
2026-07-20,2,25C,1111878,1.0,1.1,,2.1
2026-07-20,3,100711,753283,0.0,0.0,,0.0
2026-07-20,4,25C,1111882,0.0,0.0,,0.0
2026-07-20,5,106208,691820,0.0,0.0,,0.0
2026-07-20,6,25C,1111883,0.0,0.0,,0.0
2026-07-20,7,25C,1111863,0.0,0.0,,0.0
2026-07-20,8,25C,1111853,2.0,1.8,,3.8
2026-07-20,9,102525,657298,2.2,2.1,,4.300000000000001
2026-07-20,10,100711,753033,2.0,2.0,,4.0
2026-07-20,11,105153,142248,1.8,1.5,,3.3
2026-07-20,12,100711,753000,1.2,0.0,,1.2
2026-07-20,13,25C,1111891,1.2,0.0,,1.2
2026-07-20,14,25C,1111894,4.8,4.3,,9.1
2026-07-20,15,100711,753363,2.6,2.4,,5.0
2026-07-20,16,340075,652706,2.6,2.3,,4.9
2026-07-20,17,100711,753261,2.5,2.5,,5.0
2026-07-20,18,100711,753248,2.9,2.2,,5.1
2026-07-20,19,25C,1111884,2.3,2.0,,4.3
2026-07-20,20,100711,753250,2.3,2.4,,4.699999999999999
2026-07-20,21,100711,753294,3.9,3.9,,7.8
2026-07-20,22,25C,1111899,4.8,5.2,,10.0
2026-07-20,23,25C,1111852,2.6,2.5,,5.1
2026-07-20,24,100648,121543,1.7,1.5,,3.2
2026-07-20,25,100646,876742,3.1,3.3,,6.4
2026-07-20,26,25C,1111885,3.7,3.3,,7.0
2026-07-20,27,25C,1111881,2.0,1.8,,3.8
2026-07-20,28,25C,1111858,1.2,1.2,,2.4
2026-07-20,29,106203,526677,0.0,0.0,,0.0
2026-07-20,30,25C,1111859,1.6,1.9,,3.5
2026-07-20,31,102540,482731,4.4,4.4,,8.8
2026-07-20,32,25C,1111893,4.1,6.1,,10.2
2026-07-20,33,25C,1111864,2.4,2.0,,4.4
2026-07-20,34,100711,753090,4.0,3.9,,7.9
2026-07-20,35,103352,627815,2.1,2.4,,4.5
2026-07-20,36,25C,1111869,3.8,4.0,,7.8
2026-07-20,37,100648,119170,4.8,4.1,,8.899999999999999
2026-07-20,38,25C,1111861,5.8,5.5,,11.3
2026-07-20,39,103352,819682,4.8,5.2,,10.0
2026-07-20,40,100711,753204,3.3,3.4,,6.699999999999999
2026-07-20,41,106190,606824,2.1,2.6,,4.7
2026-07-20,42,25C,1111876,1.6,1.6,,3.2
2026-07-20,43,25C,1111856,4.2,5.0,,9.2
2026-07-20,44,25C,1111897,4.5,3.7,,8.2
2026-07-20,45,25C,1111873,2.2,2.2,,4.4
2026-07-20,46,25C,1111874,3.2,3.2,,6.4
2026-07-20,47,25C,1111862,6.0,6.2,,12.2
2026-07-20,48,106190,608273,3.9,3.6,,7.5
2026-07-20,49,25C,1111877,4.3,5.0,,9.3
2026-07-20,50,180064,876580,2.8,3.5,,6.3
2026-07-20,51,1061520,10782,3.0,3.4,,6.4
2026-07-20,52,102632,508757,0.0,2.0,,2.0
2026-07-20,53,25C,1111880,2.9,2.7,,5.6
2026-07-20,54,25C,1111867,3.5,3.7,,7.2
2026-07-20,55,25C,1111892,2.6,3.6,,6.2
2026-07-20,56,100649,445286,2.7,3.0,,5.7
2026-07-20,57,25C,1111898,0.0,0.0,,0.0
2026-07-21,1,25C,1111857,2.3,2.5,,4.8
2026-07-21,2,25C,1111878,1.1,1.8,,2.9000000000000004
2026-07-21,3,100711,753283,1.5,1.4,,2.9
2026-07-21,4,25C,1111882,0.0,0.0,,0.0
2026-07-21,5,106208,691820,0.0,0.0,,0.0
2026-07-21,6,25C,1111883,0.0,0.0,,0.0
2026-07-21,7,25C,1111863,0.0,0.0,,0.0
2026-07-21,8,25C,1111853,1.8,2.0,,3.8
2026-07-21,9,102525,657298,2.3,2.5,,4.8
2026-07-21,10,100711,753033,2.2,2.0,,4.2
2026-07-21,11,105153,142248,2.0,2.1,,4.1
2026-07-21,12,100711,753000,1.4,1.3,,2.7
2026-07-21,13,25C,1111891,1.2,1.4,,2.5999999999999996
2026-07-21,14,25C,1111894,4.9,4.5,,9.4
2026-07-21,15,100711,753363,2.7,2.5,,5.2
2026-07-21,16,340075,652706,2.6,2.5,,5.1
2026-07-21,17,100711,753261,2.6,2.7,,5.300000000000001
2026-07-21,18,100711,753248,2.8,2.5,,5.3
2026-07-21,19,25C,1111884,2.4,2.0,,4.4
2026-07-21,20,100711,753250,2.2,2.4,,4.6
2026-07-21,21,100711,753294,4.0,4.3,,8.3
2026-07-21,22,25C,1111899,4.7,4.5,,9.2
2026-07-21,23,25C,1111852,2.7,2.5,,5.2
2026-07-21,24,100648,121543,1.6,1.3,,2.9000000000000004
2026-07-21,25,100646,876742,3.0,3.5,,6.5
2026-07-21,26,25C,1111885,3.8,4.0,,7.8
2026-07-21,27,25C,1111881,2.0,2.3,,4.3
2026-07-21,28,25C,1111858,1.2,1.1,,2.3
2026-07-21,29,106203,526677,0.0,0.0,,0.0
2026-07-21,30,25C,1111859,1.8,1.6,,3.4000000000000004
2026-07-21,31,102540,482731,4.6,4.7,,9.3
2026-07-21,32,25C,1111893,4.0,3.9,,7.9
2026-07-21,33,25C,1111864,2.6,2.3,,4.9
2026-07-21,34,100711,753090,4.0,4.5,,8.5
2026-07-21,35,103352,627815,2.2,2.1,,4.300000000000001
2026-07-21,36,25C,1111869,3.6,4.0,,7.6
2026-07-21,37,100648,119170,4.7,5.0,,9.7
2026-07-21,38,25C,1111861,5.8,5.1,,10.899999999999999
2026-07-21,39,103352,819682,4.9,5.2,,10.100000000000001
2026-07-21,40,100711,753204,3.2,3.4,,6.6
2026-07-21,41,106190,606824,2.1,2.0,,4.1
2026-07-21,42,25C,1111876,1.5,1.2,,2.7
2026-07-21,43,25C,1111856,4.4,4.2,,8.600000000000001
2026-07-21,44,25C,1111897,4.5,4.3,,8.8
2026-07-21,45,25C,1111873,2.3,2.1,,4.4
2026-07-21,46,25C,1111874,3.0,2.9,,5.9
2026-07-21,47,25C,1111862,6.0,6.2,,12.2
2026-07-21,48,106190,608273,3.8,4.5,,8.3
2026-07-21,49,25C,1111877,4.4,4.4,,8.8
2026-07-21,50,180064,876580,2.5,3.0,,5.5
2026-07-21,51,1061520,10782,3.0,3.1,,6.1
2026-07-21,52,102632,508757,0.0,0.0,,0.0
2026-07-21,53,25C,1111880,2.7,3.5,,6.2
2026-07-21,54,25C,1111867,3.5,3.3,,6.8
2026-07-21,55,25C,1111892,2.6,2.3,,4.9
2026-07-21,56,100649,445286,2.8,2.9,,5.699999999999999
2026-07-21,57,25C,1111898,0.0,0.0,,0.0
2026-07-22,1,25C,1111857,2.2,2.5,,4.7
2026-07-22,2,25C,1111878,1.0,1.2,,2.2
2026-07-22,3,100711,753283,1.6,1.7,,3.3
2026-07-22,4,25C,1111882,0.0,0.0,,0.0
2026-07-22,5,106208,691820,0.0,0.0,,0.0
2026-07-22,6,25C,1111883,0.0,0.0,,0.0
2026-07-22,7,25C,1111863,0.0,0.0,,0.0
2026-07-22,8,25C,1111853,1.9,2.6,,4.5
2026-07-22,9,102525,657298,1.9,2.1,,4.0
2026-07-22,10,100711,753033,1.9,1.7,,3.5999999999999996
2026-07-22,11,105153,142248,2.3,2.0,,4.3
2026-07-22,12,100711,753000,1.5,0.0,,1.5
2026-07-22,13,25C,1111891,0.8,0.0,,0.8
2026-07-22,14,25C,1111894,4.4,3.9,,8.3
2026-07-22,15,100711,753363,2.8,3.0,,5.8
2026-07-22,16,340075,652706,2.4,2.3,,4.699999999999999
2026-07-22,17,100711,753261,2.3,2.0,,4.3
2026-07-22,18,100711,753248,2.3,2.1,,4.4
2026-07-22,19,25C,1111884,2.5,2.4,,4.9
2026-07-22,20,100711,753250,2.4,2.5,,4.9
2026-07-22,21,100711,753294,4.1,3.4,,7.5
2026-07-22,22,25C,1111899,4.7,5.2,,9.9
2026-07-22,23,25C,1111852,2.3,2.8,,5.1
2026-07-22,24,100648,121543,1.8,1.6,,3.4000000000000004
2026-07-22,25,100646,876742,3.4,3.5,,6.9
2026-07-22,26,25C,1111885,3.4,4.2,,7.6
2026-07-22,27,25C,1111881,2.0,1.7,,3.7
2026-07-22,28,25C,1111858,1.4,1.3,,2.7
2026-07-22,29,106203,526677,0.0,0.0,,0.0
2026-07-22,30,25C,1111859,1.4,1.4,,2.8
2026-07-22,31,102540,482731,4.6,4.6,,9.2
2026-07-22,32,25C,1111893,6.3,6.3,,12.6
2026-07-22,33,25C,1111864,2.1,2.1,,4.2
2026-07-22,34,100711,753090,4.1,4.0,,8.1
2026-07-22,35,103352,627815,2.9,2.1,,5.0
2026-07-22,36,25C,1111869,4.2,4.0,,8.2
2026-07-22,37,100648,119170,4.3,4.6,,8.899999999999999
2026-07-22,38,25C,1111861,5.8,5.4,,11.2
2026-07-22,39,103352,819682,5.2,5.3,,10.5
2026-07-22,40,100711,753204,3.7,3.3,,7.0
2026-07-22,41,106190,606824,1.0,2.5,,3.5
2026-07-22,42,25C,1111876,1.5,1.7,,3.2
2026-07-22,43,25C,1111856,4.8,4.4,,9.2
2026-07-22,44,25C,1111897,4.4,4.2,,8.600000000000001
2026-07-22,45,25C,1111873,2.3,2.4,,4.699999999999999
2026-07-22,46,25C,1111874,2.9,3.1,,6.0
2026-07-22,47,25C,1111862,5.0,6.2,,11.2
2026-07-22,48,106190,608273,4.2,3.8,,8.0
2026-07-22,49,25C,1111877,4.4,4.3,,8.7
2026-07-22,50,180064,876580,3.4,2.2,,5.6
2026-07-22,51,1061520,10782,3.5,3.6,,7.1
2026-07-22,52,102632,508757,0.0,1.5,,1.5
2026-07-22,53,25C,1111880,3.1,3.3,,6.4
2026-07-22,54,25C,1111867,3.8,2.9,,6.699999999999999
2026-07-22,55,25C,1111892,2.7,2.1,,4.800000000000001
2026-07-22,56,100649,445286,2.8,3.2,,6.0
2026-07-22,57,25C,1111898,0.0,0.0,,0.0
2026-07-23,1,25C,1111857,2.9,2.8,,5.699999999999999
2026-07-23,2,25C,1111878,1.1,1.0,,2.1
2026-07-23,3,100711,753283,1.7,1.3,,3.0
2026-07-23,4,25C,1111882,0.0,0.0,,0.0
2026-07-23,5,106208,691820,0.0,0.0,,0.0
2026-07-23,6,25C,1111883,0.0,0.0,,0.0
2026-07-23,7,25C,1111863,0.0,0.0,,0.0
2026-07-23,8,25C,1111853,2.3,2.1,,4.4
2026-07-23,9,102525,657298,2.1,2.3,,4.4
2026-07-23,10,100711,753033,2.1,2.1,,4.2
2026-07-23,11,105153,142248,2.2,2.3,,4.5
2026-07-23,12,100711,753000,1.1,0.0,,1.1
2026-07-23,13,25C,1111891,0.8,0.0,,0.8
2026-07-23,14,25C,1111894,4.0,4.0,,8.0
2026-07-23,15,100711,753363,3.1,3.0,,6.1
2026-07-23,16,340075,652706,2.7,2.3,,5.0
2026-07-23,17,100711,753261,2.6,2.2,,4.800000000000001
2026-07-23,18,100711,753248,2.4,2.1,,4.5
2026-07-23,19,25C,1111884,2.5,2.3,,4.8
2026-07-23,20,100711,753250,2.6,2.3,,4.9
2026-07-23,21,100711,753294,4.0,3.5,,7.5
2026-07-23,22,25C,1111899,4.9,4.7,,9.600000000000001
2026-07-23,23,25C,1111852,2.8,3.2,,6.0
2026-07-23,24,100648,121543,1.4,1.3,,2.7
2026-07-23,25,100646,876742,3.7,2.6,,6.300000000000001
2026-07-23,26,25C,1111885,3.4,3.3,,6.699999999999999
2026-07-23,27,25C,1111881,1.8,1.9,,3.7
2026-07-23,28,25C,1111858,1.4,1.5,,2.9
2026-07-23,29,106203,526677,0.0,0.0,,0.0
2026-07-23,30,25C,1111859,2.1,1.6,,3.7
2026-07-23,31,102540,482731,4.4,4.5,,8.9
2026-07-23,32,25C,1111893,4.7,6.4,,11.100000000000001
2026-07-23,33,25C,1111864,2.0,2.0,,4.0
2026-07-23,34,100711,753090,4.2,3.6,,7.800000000000001
2026-07-23,35,103352,627815,2.6,2.4,,5.0
2026-07-23,36,25C,1111869,4.2,4.7,,8.9
2026-07-23,37,100648,119170,3.0,4.5,,7.5
2026-07-23,38,25C,1111861,5.7,5.6,,11.3
2026-07-23,39,103352,819682,5.1,5.2,,10.3
2026-07-23,40,100711,753204,3.5,3.7,,7.2
2026-07-23,41,106190,606824,2.0,1.7,,3.7
2026-07-23,42,25C,1111876,1.3,1.4,,2.7
2026-07-23,43,25C,1111856,4.4,5.6,,10.0
2026-07-23,44,25C,1111897,5.0,3.7,,8.7
2026-07-23,45,25C,1111873,3.3,2.5,,5.8
2026-07-23,46,25C,1111874,3.4,3.1,,6.5
2026-07-23,47,25C,1111862,4.1,5.6,,9.7
2026-07-23,48,106190,608273,3.6,4.0,,7.6
2026-07-23,49,25C,1111877,4.0,4.0,,8.0
2026-07-23,50,180064,876580,3.7,3.8,,7.5
2026-07-23,51,1061520,10782,3.6,3.7,,7.300000000000001
2026-07-23,52,102632,508757,0.0,1.4,,1.4
2026-07-23,53,25C,1111880,3.2,3.9,,7.1
2026-07-23,54,25C,1111867,3.7,3.8,,7.5
2026-07-23,55,25C,1111892,2.7,2.7,,5.4
2026-07-23,56,100649,445286,2.1,3.0,,5.1
2026-07-23,57,25C,1111898,0.0,0.0,,0.0
2026-07-24,1,25C,1111857,2.7,2.6,,5.300000000000001
2026-07-24,2,25C,1111878,1.1,1.2,,2.3
2026-07-24,3,100711,753283,1.7,1.4,,3.0999999999999996
2026-07-24,4,25C,1111882,0.0,0.0,,0.0
2026-07-24,5,106208,691820,0.0,0.0,,0.0
2026-07-24,6,25C,1111883,0.0,0.0,,0.0
2026-07-24,7,25C,1111863,0.0,0.0,,0.0
2026-07-24,8,25C,1111853,2.4,2.2,,4.6
2026-07-24,9,102525,657298,2.3,2.5,,4.8
2026-07-24,10,100711,753033,2.0,1.6,,3.6
2026-07-24,11,105153,142248,2.2,2.1,,4.300000000000001
2026-07-24,12,100711,753000,2.4,1.5,,3.9
2026-07-24,13,25C,1111891,0.6,0.0,,0.6
2026-07-24,14,25C,1111894,3.6,4.6,,8.2
2026-07-24,15,100711,753363,2.8,2.6,,5.4
2026-07-24,16,340075,652706,2.7,2.7,,5.4
2026-07-24,17,100711,753261,2.8,2.4,,5.199999999999999
2026-07-24,18,100711,753248,2.6,2.3,,4.9
2026-07-24,19,25C,1111884,2.5,2.2,,4.7
2026-07-24,20,100711,753250,2.6,2.8,,5.4
2026-07-24,21,100711,753294,4.1,4.1,,8.2
2026-07-24,22,25C,1111899,4.7,5.0,,9.7
2026-07-24,23,25C,1111852,2.7,3.0,,5.7
2026-07-24,24,100648,121543,1.7,2.6,,4.3
2026-07-24,25,100646,876742,4.2,4.4,,8.600000000000001
2026-07-24,26,25C,1111885,3.6,4.6,,8.2
2026-07-24,27,25C,1111881,1.8,1.8,,3.6
2026-07-24,28,25C,1111858,1.3,1.2,,2.5
2026-07-24,29,106203,526677,0.0,0.0,,0.0
2026-07-24,30,25C,1111859,1.4,1.5,,2.9
2026-07-24,31,102540,482731,5.0,5.3,,10.3
2026-07-24,32,25C,1111893,7.0,6.8,,13.8
2026-07-24,33,25C,1111864,2.2,2.1,,4.300000000000001
2026-07-24,34,100711,753090,4.5,3.9,,8.4
2026-07-24,35,103352,627815,2.8,3.5,,6.3
2026-07-24,36,25C,1111869,4.3,4.2,,8.5
2026-07-24,37,100648,119170,4.7,4.7,,9.4
2026-07-24,38,25C,1111861,5.9,6.3,,12.2
2026-07-24,39,103352,819682,5.7,5.2,,10.9
2026-07-24,40,100711,753204,3.6,3.5,,7.1
2026-07-24,41,106190,606824,2.9,1.9,,4.8
2026-07-24,42,25C,1111876,1.4,1.2,,2.5999999999999996
2026-07-24,43,25C,1111856,4.1,4.9,,9.0
2026-07-24,44,25C,1111897,4.3,4.4,,8.7
2026-07-24,45,25C,1111873,2.5,2.7,,5.2
2026-07-24,46,25C,1111874,2.2,3.4,,5.6
2026-07-24,47,25C,1111862,4.9,5.8,,10.7
2026-07-24,48,106190,608273,4.2,3.4,,7.6
2026-07-24,49,25C,1111877,4.4,4.4,,8.8
2026-07-24,50,180064,876580,2.9,4.2,,7.1
2026-07-24,51,1061520,10782,3.5,3.8,,7.3
2026-07-24,52,102632,508757,1.6,0.7,,2.3
2026-07-24,53,25C,1111880,3.0,2.3,,5.3
2026-07-24,54,25C,1111867,3.7,3.5,,7.2
2026-07-24,55,25C,1111892,3.0,4.7,,7.7
2026-07-24,56,100649,445286,2.9,2.8,,5.699999999999999
2026-07-24,57,25C,1111898,0.0,0.0,,0.0
2026-07-25,1,25C,1111857,3.1,2.9,,6.0
2026-07-25,2,25C,1111878,1.63,1.6,,3.23
2026-07-25,3,100711,753283,1.4,1.4,,2.8
2026-07-25,4,25C,1111882,0.0,0.0,,0.0
2026-07-25,5,106208,691820,0.0,0.0,,0.0
2026-07-25,6,25C,1111883,0.0,0.0,,0.0
2026-07-25,7,25C,1111863,0.0,0.0,,0.0
2026-07-25,8,25C,1111853,2.4,2.2,,4.6
2026-07-25,9,102525,657298,1.9,2.3,,4.199999999999999
2026-07-25,10,100711,753033,1.9,1.9,,3.8
2026-07-25,11,105153,142248,2.3,2.4,,4.699999999999999
2026-07-25,12,100711,753000,1.7,0.0,,1.7
2026-07-25,13,25C,1111891,0.7,0.0,,0.7
2026-07-25,14,25C,1111894,3.6,3.9,,7.5
2026-07-25,15,100711,753363,2.4,2.4,,4.8
2026-07-25,16,340075,652706,2.6,3.9,,6.5
2026-07-25,17,100711,753261,2.6,2.5,,5.1
2026-07-25,18,100711,753248,2.1,2.4,,4.5
2026-07-25,19,25C,1111884,2.3,2.6,,4.9
2026-07-25,20,100711,753250,2.7,2.3,,5.0
2026-07-25,21,100711,753294,3.0,3.2,,6.2
2026-07-25,22,25C,1111899,4.6,5.6,,10.2
2026-07-25,23,25C,1111852,2.7,0.0,,2.7
2026-07-25,24,100648,121543,1.5,2.6,,4.1
2026-07-25,25,100646,876742,2.6,2.0,,4.6
2026-07-25,26,25C,1111885,3.6,3.5,,7.1
2026-07-25,27,25C,1111881,1.6,1.4,,3.0
2026-07-25,28,25C,1111858,1.6,1.3,,2.9000000000000004
2026-07-25,29,106203,526677,0.0,0.0,,0.0
2026-07-25,30,25C,1111859,2.0,1.8,,3.8
2026-07-25,31,102540,482731,5.1,4.8,,9.899999999999999
2026-07-25,32,25C,1111893,6.4,6.1,,12.5
2026-07-25,33,25C,1111864,2.0,2.0,,4.0
2026-07-25,34,100711,753090,4.2,4.0,,8.2
2026-07-25,35,103352,627815,2.7,2.4,,5.1
2026-07-25,36,25C,1111869,4.8,3.6,,8.4
2026-07-25,37,100648,119170,4.4,4.7,,9.100000000000001
2026-07-25,38,25C,1111861,6.4,6.8,,13.2
2026-07-25,39,103352,819682,5.2,5.7,,10.9
2026-07-25,40,100711,753204,3.4,3.7,,7.1
2026-07-25,41,106190,606824,1.7,2.0,,3.7
2026-07-25,42,25C,1111876,1.6,1.5,,3.1
2026-07-25,43,25C,1111856,5.3,5.0,,10.3
2026-07-25,44,25C,1111897,5.0,4.5,,9.5
2026-07-25,45,25C,1111873,3.2,3.9,,7.1
2026-07-25,46,25C,1111874,3.6,4.1,,7.699999999999999
2026-07-25,47,25C,1111862,4.8,4.6,,9.399999999999999
2026-07-25,48,106190,608273,4.6,4.7,,9.3
2026-07-25,49,25C,1111877,4.9,4.8,,9.7
2026-07-25,50,180064,876580,3.1,3.8,,6.9
2026-07-25,51,1061520,10782,3.0,3.5,,6.5
2026-07-25,52,102632,508757,0.0,0.5,,0.5
2026-07-25,53,25C,1111880,5.3,5.2,,10.5
2026-07-25,54,25C,1111867,3.8,3.7,,7.5
2026-07-25,55,25C,1111892,2.8,2.4,,5.199999999999999
2026-07-25,56,100649,445286,3.6,4.1,,7.699999999999999
2026-07-25,57,25C,1111898,0.0,0.0,,0.0
2026-07-26,1,25C,1111857,2.6,2.0,,4.6
2026-07-26,2,25C,1111878,1.0,1.1,,2.1
2026-07-26,3,100711,753283,1.3,1.3,,2.6
2026-07-26,4,25C,1111882,0.0,0.0,,0.0
2026-07-26,5,106208,691820,0.0,0.0,,0.0
2026-07-26,6,25C,1111883,0.0,0.0,,0.0
2026-07-26,7,25C,1111863,0.0,0.0,,0.0
2026-07-26,8,25C,1111853,2.0,1.8,,3.8
2026-07-26,9,102525,657298,2.0,1.9,,3.9
2026-07-26,10,100711,753033,1.8,1.9,,3.7
2026-07-26,11,105153,142248,2.4,2.7,,5.1
2026-07-26,12,100711,753000,0.8,0.0,,0.8
2026-07-26,13,25C,1111891,0.6,0.0,,0.6
2026-07-26,14,25C,1111894,4.0,4.0,,8.0
2026-07-26,15,100711,753363,2.6,2.8,,5.4
2026-07-26,16,340075,652706,2.4,2.1,,4.5
2026-07-26,17,100711,753261,2.1,2.3,,4.4
2026-07-26,18,100711,753248,2.5,2.6,,5.1
2026-07-26,19,25C,1111884,2.0,2.6,,4.6
2026-07-26,20,100711,753250,2.7,2.4,,5.1
2026-07-26,21,100711,753294,3.7,3.9,,7.6
2026-07-26,22,25C,1111899,4.9,5.0,,9.9
2026-07-26,23,25C,1111852,2.9,3.0,,5.9
2026-07-26,24,100648,121543,1.4,2.0,,3.4
2026-07-26,25,100646,876742,3.6,2.6,,6.2
2026-07-26,26,25C,1111885,3.1,4.5,,7.6
2026-07-26,27,25C,1111881,1.9,0.7,,2.5999999999999996
2026-07-26,28,25C,1111858,1.3,1.4,,2.7
2026-07-26,29,106203,526677,0.0,0.0,,0.0
2026-07-26,30,25C,1111859,2.2,2.1,,4.300000000000001
2026-07-26,31,102540,482731,4.8,4.3,,9.1
2026-07-26,32,25C,1111893,3.0,1.0,,4.0
2026-07-26,33,25C,1111864,2.1,2.1,,4.2
2026-07-26,34,100711,753090,4.4,4.2,,8.600000000000001
2026-07-26,35,103352,627815,3.0,2.5,,5.5
2026-07-26,36,25C,1111869,4.7,4.9,,9.600000000000001
2026-07-26,37,100648,119170,4.7,4.5,,9.2
2026-07-26,38,25C,1111861,6.4,6.1,,12.5
2026-07-26,39,103352,819682,5.6,6.0,,11.6
2026-07-26,40,100711,753204,3.9,3.7,,7.6
2026-07-26,41,106190,606824,2.4,2.4,,4.8
2026-07-26,42,25C,1111876,1.2,1.5,,2.7
2026-07-26,43,25C,1111856,5.1,4.9,,10.0
2026-07-26,44,25C,1111897,4.7,5.0,,9.7
2026-07-26,45,25C,1111873,3.7,3.9,,7.6
2026-07-26,46,25C,1111874,3.7,3.2,,6.9
2026-07-26,47,25C,1111862,11.7,5.1,,16.799999999999997
2026-07-26,48,106190,608273,4.9,4.8,,9.7
2026-07-26,49,25C,1111877,4.1,5.2,,9.3
2026-07-26,50,180064,876580,3.2,4.3,,7.5
2026-07-26,51,1061520,10782,3.5,3.8,,7.3
2026-07-26,52,102632,508757,0.0,0.0,,0.0
2026-07-26,53,25C,1111880,5.7,5.5,,11.2
2026-07-26,54,25C,1111867,3.9,3.4,,7.3
2026-07-26,55,25C,1111892,2.9,2.6,,5.5
2026-07-26,56,100649,445286,4.0,4.3,,8.3
2026-07-26,57,25C,1111898,0.0,0.0,,0.0
2026-07-27,1,25C,1111857,2.4,1.9,,4.3
2026-07-27,2,25C,1111878,1.0,0.9,,1.9
2026-07-27,3,100711,753283,1.5,1.2,,2.7
2026-07-27,4,25C,1111882,0.0,0.0,,0.0
2026-07-27,5,106208,691820,0.0,0.0,,0.0
2026-07-27,6,25C,1111883,0.0,0.0,,0.0
2026-07-27,7,25C,1111863,0.0,0.0,,0.0
2026-07-27,8,25C,1111853,1.4,1.8,,3.2
2026-07-27,9,102525,657298,1.9,1.9,,3.8
2026-07-27,10,100711,753033,1.8,1.6,,3.4000000000000004
2026-07-27,11,105153,142248,2.3,2.1,,4.4
2026-07-27,12,100711,753000,2.0,0.0,,2.0
2026-07-27,13,25C,1111891,0.8,0.0,,0.8
2026-07-27,14,25C,1111894,36.4,4.9,,41.3
2026-07-27,15,100711,753363,2.4,2.8,,5.199999999999999
2026-07-27,16,340075,652706,1.6,2.4,,4.0
2026-07-27,17,100711,753261,2.7,2.4,,5.1
2026-07-27,18,100711,753248,2.6,2.4,,5.0
2026-07-27,19,25C,1111884,2.2,0.0,,2.2
2026-07-27,20,100711,753250,2.7,2.5,,5.2
2026-07-27,21,100711,753294,3.9,4.2,,8.1
2026-07-27,22,25C,1111899,5.1,5.4,,10.5
2026-07-27,23,25C,1111852,2.6,2.6,,5.2
2026-07-27,24,100648,121543,1.8,1.8,,3.6
2026-07-27,25,100646,876742,3.5,4.0,,7.5
2026-07-27,26,25C,1111885,3.1,3.8,,6.9
2026-07-27,27,25C,1111881,1.9,1.5,,3.4
2026-07-27,28,25C,1111858,1.3,1.2,,2.5
2026-07-27,29,106203,526677,0.0,2.5,,2.5
2026-07-27,30,25C,1111859,1.4,2.1,,3.5
2026-07-27,31,102540,482731,4.6,4.6,,9.2
2026-07-27,32,25C,1111893,6.8,5.7,,12.5
2026-07-27,33,25C,1111864,2.2,2.0,,4.2
2026-07-27,34,100711,753090,4.5,3.9,,8.4
2026-07-27,35,103352,627815,3.1,2.4,,5.5
2026-07-27,36,25C,1111869,5.2,5.2,,10.4
2026-07-27,37,100648,119170,3.5,5.0,,8.5
2026-07-27,38,25C,1111861,5.9,6.5,,12.4
2026-07-27,39,103352,819682,6.7,6.1,,12.8
2026-07-27,40,100711,753204,5.3,3.9,,9.2
2026-07-27,41,106190,606824,2.1,2.2,,4.300000000000001
2026-07-27,42,25C,1111876,1.6,1.5,,3.1
2026-07-27,43,25C,1111856,4.1,4.7,,8.8
2026-07-27,44,25C,1111897,5.6,4.9,,10.5
2026-07-27,45,25C,1111873,3.3,3.4,,6.699999999999999
2026-07-27,46,25C,1111874,3.9,2.7,,6.6
2026-07-27,47,25C,1111862,5.5,6.7,,12.2
2026-07-27,48,106190,608273,5.4,4.1,,9.5
2026-07-27,49,25C,1111877,5.9,4.4,,10.3
2026-07-27,50,180064,876580,4.4,3.4,,7.800000000000001
2026-07-27,51,1061520,10782,3.1,3.8,,6.9
2026-07-27,52,102632,508757,0.0,1.0,,1.0
2026-07-27,53,25C,1111880,5.9,6.1,,12.0
2026-07-27,54,25C,1111867,3.6,3.4,,7.0
2026-07-27,55,25C,1111892,3.1,3.3,,6.4
2026-07-27,56,100649,445286,5.0,4.0,,9.0
2026-07-27,57,25C,1111898,0.0,0.0,,0.0
2026-07-28,1,25C,1111857,2.6,2.6,,5.2
2026-07-28,2,25C,1111878,1.0,1.0,,2.0
2026-07-28,3,100711,753283,1.3,1.2,,2.5
2026-07-28,4,25C,1111882,0.0,0.0,,0.0
2026-07-28,5,106208,691820,0.0,0.0,,0.0
2026-07-28,6,25C,1111883,0.0,0.0,,0.0
2026-07-28,7,25C,1111863,0.0,0.0,,0.0
2026-07-28,8,25C,1111853,1.8,1.8,,3.6
2026-07-28,9,102525,657298,2.1,2.0,,4.1
2026-07-28,10,100711,753033,2.0,1.9,,3.9
2026-07-28,11,105153,142248,2.3,2.3,,4.6
2026-07-28,12,100711,753000,1.0,0.0,,1.0
2026-07-28,13,25C,1111891,1.0,0.0,,1.0
2026-07-28,14,25C,1111894,4.5,4.3,,8.8
2026-07-28,15,100711,753363,2.8,2.2,,5.0
2026-07-28,16,340075,652706,2.5,2.2,,4.7
2026-07-28,17,100711,753261,2.5,2.2,,4.7
2026-07-28,18,100711,753248,2.4,1.5,,3.9
2026-07-28,19,25C,1111884,2.5,2.2,,4.7
2026-07-28,20,100711,753250,2.5,2.6,,5.1
2026-07-28,21,100711,753294,4.2,3.8,,8.0
2026-07-28,22,25C,1111899,5.0,5.1,,10.1
2026-07-28,23,25C,1111852,3.1,2.9,,6.0
2026-07-28,24,100648,121543,2.1,1.5,,3.6
2026-07-28,25,100646,876742,3.4,3.1,,6.5
2026-07-28,26,25C,1111885,3.4,4.0,,7.4
2026-07-28,27,25C,1111881,1.6,1.0,,2.6
2026-07-28,28,25C,1111858,1.4,1.2,,2.5999999999999996
2026-07-28,29,106203,526677,0.0,0.0,,0.0
2026-07-28,30,25C,1111859,1.8,2.1,,3.9000000000000004
2026-07-28,31,102540,482731,4.8,4.5,,9.3
2026-07-28,32,25C,1111893,6.1,6.2,,12.3
2026-07-28,33,25C,1111864,2.0,1.9,,3.9
2026-07-28,34,100711,753090,3.9,3.5,,7.4
2026-07-28,35,103352,627815,2.8,2.7,,5.5
2026-07-28,36,25C,1111869,5.3,4.9,,10.2
2026-07-28,37,100648,119170,6.9,4.47,,11.370000000000001
2026-07-28,38,25C,1111861,6.7,6.5,,13.2
2026-07-28,39,103352,819682,5.5,5.0,,10.5
2026-07-28,40,100711,753204,3.7,3.4,,7.1
2026-07-28,41,106190,606824,3.3,2.0,,5.3
2026-07-28,42,25C,1111876,1.4,1.1,,2.5
2026-07-28,43,25C,1111856,3.8,4.4,,8.2
2026-07-28,44,25C,1111897,4.7,5.2,,9.9
2026-07-28,45,25C,1111873,2.9,5.0,,7.9
2026-07-28,46,25C,1111874,3.0,3.7,,6.7
2026-07-28,47,25C,1111862,6.4,4.6,,11.0
2026-07-28,48,106190,608273,4.5,7.1,,11.6
2026-07-28,49,25C,1111877,4.7,5.6,,10.3
2026-07-28,50,180064,876580,3.0,3.8,,6.8
2026-07-28,51,1061520,10782,4.7,3.5,,8.2
2026-07-28,52,102632,508757,0.0,0.0,,0.0
2026-07-28,53,25C,1111880,5.5,6.1,,11.6
2026-07-28,54,25C,1111867,3.1,3.3,,6.4
2026-07-28,55,25C,1111892,2.7,3.1,,5.800000000000001
2026-07-28,56,100649,445286,4.1,4.3,,8.399999999999999
2026-07-28,57,25C,1111898,0.0,0.0,,0.0
2026-07-29,1,25C,1111857,2.2,1.8,,4.0
2026-07-29,2,25C,1111878,1.1,1.0,,2.1
2026-07-29,3,100711,753283,1.4,1.2,,2.5999999999999996
2026-07-29,4,25C,1111882,0.0,0.0,,0.0
2026-07-29,5,106208,691820,0.0,0.0,,0.0
2026-07-29,6,25C,1111883,0.0,0.0,,0.0
2026-07-29,7,25C,1111863,0.0,0.0,,0.0
2026-07-29,8,25C,1111853,2.0,1.7,,3.7
2026-07-29,9,102525,657298,1.2,1.7,,2.9
2026-07-29,10,100711,753033,1.8,1.4,,3.2
2026-07-29,11,105153,142248,2.0,1.7,,3.7
2026-07-29,12,100711,753000,2.3,0.0,,2.3
2026-07-29,13,25C,1111891,0.0,0.0,,0.0
2026-07-29,14,25C,1111894,4.4,3.8,,8.2
2026-07-29,15,100711,753363,2.6,2.5,,5.1
2026-07-29,16,340075,652706,2.3,2.2,,4.5
2026-07-29,17,100711,753261,2.3,2.4,,4.699999999999999
2026-07-29,18,100711,753248,2.9,2.2,,5.1
2026-07-29,19,25C,1111884,2.2,2.41,,4.61
2026-07-29,20,100711,753250,2.5,2.2,,4.7
2026-07-29,21,100711,753294,3.9,4.3,,8.2
2026-07-29,22,25C,1111899,5.2,4.7,,9.9
2026-07-29,23,25C,1111852,3.0,3.2,,6.2
2026-07-29,24,100648,121543,1.9,1.9,,3.8
2026-07-29,25,100646,876742,3.6,3.2,,6.800000000000001
2026-07-29,26,25C,1111885,3.6,4.2,,7.800000000000001
2026-07-29,27,25C,1111881,1.1,1.0,,2.1
2026-07-29,28,25C,1111858,1.2,1.3,,2.5
2026-07-29,29,106203,526677,0.0,2.0,,2.0
2026-07-29,30,25C,1111859,2.0,0.0,,2.0
2026-07-29,31,102540,482731,4.8,3.7,,8.5
2026-07-29,32,25C,1111893,6.8,6.5,,13.3
2026-07-29,33,25C,1111864,2.1,1.85,,3.95
2026-07-29,34,100711,753090,4.2,3.6,,7.800000000000001
2026-07-29,35,103352,627815,0.0,2.3,,2.3
2026-07-29,36,25C,1111869,5.1,5.0,,10.1
2026-07-29,37,100648,119170,5.1,4.3,,9.399999999999999
2026-07-29,38,25C,1111861,7.1,5.9,,13.0
2026-07-29,39,103352,819682,5.7,5.2,,10.9
2026-07-29,40,100711,753204,3.5,3.1,,6.6
2026-07-29,41,106190,606824,2.0,2.1,,4.1
2026-07-29,42,25C,1111876,1.0,1.1,,2.1
2026-07-29,43,25C,1111856,4.2,4.7,,8.9
2026-07-29,44,25C,1111897,5.5,4.9,,10.4
2026-07-29,45,25C,1111873,4.0,3.4,,7.4
2026-07-29,46,25C,1111874,4.0,3.3,,7.3
2026-07-29,47,25C,1111862,6.7,6.1,,12.8
2026-07-29,48,106190,608273,5.0,4.1,,9.1
2026-07-29,49,25C,1111877,5.4,4.7,,10.100000000000001
2026-07-29,50,180064,876580,3.4,3.4,,6.8
2026-07-29,51,1061520,10782,4.1,3.5,,7.6
2026-07-29,52,102632,508757,0.0,0.0,,0.0
2026-07-29,53,25C,1111880,6.2,5.0,,11.2
2026-07-29,54,25C,1111867,6.0,3.4,,9.4
2026-07-29,55,25C,1111892,3.1,2.7,,5.800000000000001
2026-07-29,56,100649,445286,4.6,3.6,,8.2
2026-07-29,57,25C,1111898,0.0,0.0,,0.0
2026-07-30,1,25C,1111857,1.7,2.2,,3.9000000000000004
2026-07-30,2,25C,1111878,1.0,0.0,,1.0
2026-07-30,3,100711,753283,1.4,1.1,,2.5
2026-07-30,4,25C,1111882,0.0,1.6,,1.6
2026-07-30,5,106208,691820,0.0,0.0,,0.0
2026-07-30,6,25C,1111883,0.0,0.0,,0.0
2026-07-30,7,25C,1111863,0.0,0.0,,0.0
2026-07-30,8,25C,1111853,1.5,2.1,,3.6
2026-07-30,9,102525,657298,1.9,2.0,,3.9
2026-07-30,10,100711,753033,1.5,1.6,,3.1
2026-07-30,11,105153,142248,1.8,1.9,,3.7
2026-07-30,12,100711,753000,1.0,0.0,,1.0
2026-07-30,13,25C,1111891,1.9,0.0,,1.9
2026-07-30,14,25C,1111894,5.7,4.0,,9.7
2026-07-30,15,100711,753363,2.4,2.9,,5.3
2026-07-30,16,340075,652706,2.2,2.3,,4.5
2026-07-30,17,100711,753261,2.7,2.5,,5.2
2026-07-30,18,100711,753248,2.0,2.9,,4.9
2026-07-30,19,25C,1111884,2.3,2.3,,4.6
2026-07-30,20,100711,753250,2.1,2.3,,4.4
2026-07-30,21,100711,753294,3.6,4.2,,7.800000000000001
2026-07-30,22,25C,1111899,4.8,5.1,,9.899999999999999
2026-07-30,23,25C,1111852,2.9,3.1,,6.0
2026-07-30,24,100648,121543,1.2,1.7,,2.9
2026-07-30,25,100646,876742,3.2,3.7,,6.9
2026-07-30,26,25C,1111885,3.5,4.3,,7.8
2026-07-30,27,25C,1111881,1.2,1.5,,2.7
2026-07-30,28,25C,1111858,1.3,1.5,,2.8
2026-07-30,29,106203,526677,0.0,0.0,,0.0
2026-07-30,30,25C,1111859,0.0,1.9,,1.9
2026-07-30,31,102540,482731,4.4,5.0,,9.4
2026-07-30,32,25C,1111893,4.7,8.3,,13.0
2026-07-30,33,25C,1111864,4.8,3.1,,7.9
2026-07-30,34,100711,753090,3.8,4.2,,8.0
2026-07-30,35,103352,627815,2.7,3.2,,5.9
2026-07-30,36,25C,1111869,4.6,5.4,,10.0
2026-07-30,37,100648,119170,3.9,4.6,,8.5
2026-07-30,38,25C,1111861,6.0,7.1,,13.1
2026-07-30,39,103352,819682,4.6,5.6,,10.2
2026-07-30,40,100711,753204,3.4,3.8,,7.199999999999999
2026-07-30,41,106190,606824,2.3,2.2,,4.5
2026-07-30,42,25C,1111876,1.0,1.6,,2.6
2026-07-30,43,25C,1111856,4.7,5.0,,9.7
2026-07-30,44,25C,1111897,4.8,5.5,,10.3
2026-07-30,45,25C,1111873,2.9,3.5,,6.4
2026-07-30,46,25C,1111874,2.8,3.8,,6.6
2026-07-30,47,25C,1111862,4.2,6.3,,10.5
2026-07-30,48,106190,608273,4.5,4.9,,9.4
2026-07-30,49,25C,1111877,4.1,4.6,,8.7
2026-07-30,50,180064,876580,3.7,4.0,,7.7
2026-07-30,51,1061520,10782,3.5,4.3,,7.8
2026-07-30,52,102632,508757,0.0,0.0,,0.0
2026-07-30,53,25C,1111880,5.0,5.9,,10.9
2026-07-30,54,25C,1111867,3.6,3.8,,7.4
2026-07-30,55,25C,1111892,2.7,3.2,,5.9
2026-07-30,56,100649,445286,3.9,4.2,,8.1
2026-07-30,57,25C,1111898,0.0,0.0,,0.0
2026-07-31,1,25C,1111857,2.4,2.6,,5.0
2026-07-31,2,25C,1111878,1.0,1.2,,2.2
2026-07-31,3,100711,753283,1.7,1.9,,3.5999999999999996
2026-07-31,4,25C,1111882,0.0,0.0,,0.0
2026-07-31,5,106208,691820,0.0,0.0,,0.0
2026-07-31,6,25C,1111883,0.0,0.0,,0.0
2026-07-31,7,25C,1111863,0.0,0.0,,0.0
2026-07-31,8,25C,1111853,2.1,2.1,,4.2
2026-07-31,9,102525,657298,2.0,2.0,,4.0
2026-07-31,10,100711,753033,1.3,1.8,,3.1
2026-07-31,11,105153,142248,1.8,2.2,,4.0
2026-07-31,12,100711,753000,0.7,0.0,,0.7
2026-07-31,13,25C,1111891,0.6,0.0,,0.6
2026-07-31,14,25C,1111894,4.6,4.2,,8.8
2026-07-31,15,100711,753363,2.7,2.5,,5.2
2026-07-31,16,340075,652706,2.4,2.2,,4.6
2026-07-31,17,100711,753261,2.5,2.4,,4.9
2026-07-31,18,100711,753248,2.3,2.6,,4.9
2026-07-31,19,25C,1111884,2.5,2.4,,4.9
2026-07-31,20,100711,753250,2.5,2.4,,4.9
2026-07-31,21,100711,753294,4.2,3.9,,8.1
2026-07-31,22,25C,1111899,4.5,3.7,,8.2
2026-07-31,23,25C,1111852,3.2,3.1,,6.300000000000001
2026-07-31,24,100648,121543,1.9,1.8,,3.7
2026-07-31,25,100646,876742,3.7,2.9,,6.6
2026-07-31,26,25C,1111885,3.9,3.7,,7.6
2026-07-31,27,25C,1111881,1.4,1.5,,2.9
2026-07-31,28,25C,1111858,1.3,1.2,,2.5
2026-07-31,29,106203,526677,0.0,0.0,,0.0
2026-07-31,30,25C,1111859,1.4,1.0,,2.4
2026-07-31,31,102540,482731,4.3,4.2,,8.5
2026-07-31,32,25C,1111893,7.0,6.6,,13.6
2026-07-31,33,25C,1111864,1.9,1.7,,3.5999999999999996
2026-07-31,34,100711,753090,4.0,3.9,,7.9
2026-07-31,35,103352,627815,2.4,2.5,,4.9
2026-07-31,36,25C,1111869,5.0,5.7,,10.7
2026-07-31,37,100648,119170,4.5,4.0,,8.5
2026-07-31,38,25C,1111861,6.5,6.3,,12.8
2026-07-31,39,103352,819682,5.4,5.6,,11.0
2026-07-31,40,100711,753204,3.5,3.8,,7.3
2026-07-31,41,106190,606824,2.3,2.1,,4.4
2026-07-31,42,25C,1111876,1.1,0.8,,1.9000000000000001
2026-07-31,43,25C,1111856,5.2,5.0,,10.2
2026-07-31,44,25C,1111897,5.2,4.7,,9.9
2026-07-31,45,25C,1111873,2.4,2.7,,5.1
2026-07-31,46,25C,1111874,3.2,3.5,,6.7
2026-07-31,47,25C,1111862,6.8,6.4,,13.2
2026-07-31,48,106190,608273,4.7,4.4,,9.100000000000001
2026-07-31,49,25C,1111877,4.1,4.0,,8.1
2026-07-31,50,180064,876580,3.4,3.6,,7.0
2026-07-31,51,1061520,10782,3.9,3.7,,7.6
2026-07-31,52,102632,508757,0.0,0.0,,0.0
2026-07-31,53,25C,1111880,5.7,5.3,,11.0
2026-07-31,54,25C,1111867,3.9,3.5,,7.4
2026-07-31,55,25C,1111892,3.0,2.8,,5.8
2026-07-31,56,100649,445286,4.3,4.1,,8.399999999999999
2026-07-31,57,25C,1111898,0.0,0.0,,0.0
2026-08-01,1,25C,1111857,2.4,2.5,,4.9
2026-08-01,2,25C,1111878,1.0,0.7,,1.7
2026-08-01,3,100711,753283,1.6,0.8,,2.4000000000000004
2026-08-01,4,25C,1111882,0.0,0.0,,0.0
2026-08-01,5,106208,691820,0.0,0.0,,0.0
2026-08-01,6,25C,1111883,0.0,0.0,,0.0
2026-08-01,7,25C,1111863,0.0,0.0,,0.0
2026-08-01,8,25C,1111853,1.7,1.3,,3.0
2026-08-01,9,102525,657298,1.9,1.5,,3.4
2026-08-01,10,100711,753033,1.6,1.7,,3.3
2026-08-01,11,105153,142248,2.0,2.1,,4.1
2026-08-01,12,100711,753000,0.6,0.0,,0.6
2026-08-01,13,25C,1111891,0.1,0.0,,0.1
2026-08-01,14,25C,1111894,4.1,4.4,,8.5
2026-08-01,15,100711,753363,2.6,2.8,,5.4
2026-08-01,16,340075,652706,2.2,2.3,,4.5
2026-08-01,17,100711,753261,2.4,2.3,,4.699999999999999
2026-08-01,18,100711,753248,2.7,2.4,,5.1
2026-08-01,19,25C,1111884,2.4,2.8,,5.199999999999999
2026-08-01,20,100711,753250,2.2,2.8,,5.0
2026-08-01,21,100711,753294,4.5,4.2,,8.7
2026-08-01,22,25C,1111899,4.7,5.2,,9.9
2026-08-01,23,25C,1111852,3.2,3.1,,6.300000000000001
2026-08-01,24,100648,121543,1.6,1.6,,3.2
2026-08-01,25,100646,876742,3.3,3.2,,6.5
2026-08-01,26,25C,1111885,3.8,4.4,,8.2
2026-08-01,27,25C,1111881,1.8,1.8,,3.6
2026-08-01,28,25C,1111858,1.4,1.2,,2.5999999999999996
2026-08-01,29,106203,526677,0.0,0.0,,0.0
2026-08-01,30,25C,1111859,1.6,1.9,,3.5
2026-08-01,31,102540,482731,4.7,4.7,,9.4
2026-08-01,32,25C,1111893,6.4,6.2,,12.600000000000001
2026-08-01,33,25C,1111864,1.8,1.9,,3.7
2026-08-01,34,100711,753090,4.0,3.6,,7.6
2026-08-01,35,103352,627815,2.6,2.7,,5.300000000000001
2026-08-01,36,25C,1111869,5.2,5.3,,10.5
2026-08-01,37,100648,119170,4.7,4.3,,9.0
2026-08-01,38,25C,1111861,6.5,6.4,,12.9
2026-08-01,39,103352,819682,5.0,5.6,,10.6
2026-08-01,40,100711,753204,3.6,3.2,,6.800000000000001
2026-08-01,41,106190,606824,1.8,1.8,,3.6
2026-08-01,42,25C,1111876,0.0,5.0,,5.0
2026-08-01,43,25C,1111856,4.4,4.8,,9.2
2026-08-01,44,25C,1111897,5.2,4.0,,9.2
2026-08-01,45,25C,1111873,3.1,3.3,,6.4
2026-08-01,46,25C,1111874,2.7,6.0,,8.7
2026-08-01,47,25C,1111862,6.3,4.1,,10.399999999999999
2026-08-01,48,106190,608273,4.3,4.0,,8.3
2026-08-01,49,25C,1111877,4.6,0.0,,4.6
2026-08-01,50,180064,876580,3.6,3.4,,7.0
2026-08-01,51,1061520,10782,3.6,3.5,,7.1
2026-08-01,52,102632,508757,0.0,0.0,,0.0
2026-08-01,53,25C,1111880,5.8,5.0,,10.8
2026-08-01,54,25C,1111867,3.6,3.5,,7.1
2026-08-01,55,25C,1111892,3.0,2.6,,5.6
2026-08-01,56,100649,445286,4.4,4.0,,8.4
2026-08-01,57,25C,1111898,0.0,0.0,,0.0
2026-08-02,1,25C,1111857,2.3,2.5,,4.8
2026-08-02,2,25C,1111878,1.0,1.1,,2.1
2026-08-02,3,100711,753283,1.7,1.4,,3.0999999999999996
2026-08-02,4,25C,1111882,0.0,0.0,,0.0
2026-08-02,5,106208,691820,0.0,0.0,,0.0
2026-08-02,6,25C,1111883,0.0,0.0,,0.0
2026-08-02,7,25C,1111863,0.0,0.0,,0.0
2026-08-02,8,25C,1111853,1.6,1.8,,3.4000000000000004
2026-08-02,9,102525,657298,2.1,0.6,,2.7
2026-08-02,10,100711,753033,1.4,1.8,,3.2
2026-08-02,11,105153,142248,1.9,2.0,,3.9
2026-08-02,12,100711,753000,0.5,0.0,,0.5
2026-08-02,13,25C,1111891,0.1,0.0,,0.1
2026-08-02,14,25C,1111894,4.0,4.4,,8.4
2026-08-02,15,100711,753363,2.3,2.5,,4.8
2026-08-02,16,340075,652706,2.2,2.3,,4.5
2026-08-02,17,100711,753261,2.3,1.8,,4.1
2026-08-02,18,100711,753248,2.0,2.0,,4.0
2026-08-02,19,25C,1111884,2.1,2.2,,4.300000000000001
2026-08-02,20,100711,753250,2.4,2.3,,4.699999999999999
2026-08-02,21,100711,753294,4.1,5.0,,9.1
2026-08-02,22,25C,1111899,2.3,4.8,,7.1
2026-08-02,23,25C,1111852,2.3,3.0,,5.3
2026-08-02,24,100648,121543,1.3,1.8,,3.1
2026-08-02,25,100646,876742,2.7,3.2,,5.9
2026-08-02,26,25C,1111885,2.7,4.1,,6.8
2026-08-02,27,25C,1111881,1.8,1.9,,3.7
2026-08-02,28,25C,1111858,1.1,1.3,,2.4000000000000004
2026-08-02,29,106203,526677,0.0,0.0,,0.0
2026-08-02,30,25C,1111859,1.2,2.0,,3.2
2026-08-02,31,102540,482731,4.4,5.1,,9.5
2026-08-02,32,25C,1111893,5.8,6.2,,12.0
2026-08-02,33,25C,1111864,1.8,1.8,,3.6
2026-08-02,34,100711,753090,3.5,3.9,,7.4
2026-08-02,35,103352,627815,3.0,2.4,,5.4
2026-08-02,36,25C,1111869,4.7,5.4,,10.100000000000001
2026-08-02,37,100648,119170,4.1,5.0,,9.1
2026-08-02,38,25C,1111861,5.6,6.6,,12.2
2026-08-02,39,103352,819682,4.5,4.8,,9.3
2026-08-02,40,100711,753204,2.7,3.4,,6.1
2026-08-02,41,106190,606824,1.9,2.6,,4.5
2026-08-02,42,25C,1111876,0.0,1.5,,1.5
2026-08-02,43,25C,1111856,3.9,5.3,,9.2
2026-08-02,44,25C,1111897,4.5,5.1,,9.6
2026-08-02,45,25C,1111873,0.0,0.0,,0.0
2026-08-02,46,25C,1111874,2.6,3.0,,5.6
2026-08-02,47,25C,1111862,5.2,5.9,,11.100000000000001
2026-08-02,48,106190,608273,3.4,5.1,,8.5
2026-08-02,49,25C,1111877,3.8,4.8,,8.6
2026-08-02,50,180064,876580,2.5,3.2,,5.7
2026-08-02,51,1061520,10782,3.7,3.7,,7.4
2026-08-02,52,102632,508757,0.0,0.0,,0.0
2026-08-02,53,25C,1111880,4.9,3.0,,7.9
2026-08-02,54,25C,1111867,3.6,4.8,,8.4
2026-08-02,55,25C,1111892,2.8,5.2,,8.0
2026-08-02,56,100649,445286,3.9,3.6,,7.5
2026-08-02,57,25C,1111898,0.0,0.0,,0.0
2026-08-03,1,25C,1111857,2.4,2.0,,4.4
2026-08-03,2,25C,1111878,1.0,1.1,,2.1
2026-08-03,3,100711,753283,1.3,1.2,,2.5
2026-08-03,4,25C,1111882,0.0,0.0,,0.0
2026-08-03,5,106208,691820,0.0,0.0,,0.0
2026-08-03,6,25C,1111883,0.0,0.0,,0.0
2026-08-03,7,25C,1111863,0.0,0.0,,0.0
2026-08-03,8,25C,1111853,1.6,1.9,,3.5
2026-08-03,9,102525,657298,2.9,1.7,,4.6
2026-08-03,10,100711,753033,1.8,1.8,,3.6
2026-08-03,11,105153,142248,1.8,1.9,,3.7
2026-08-03,12,100711,753000,0.2,1.2,,1.4
2026-08-03,13,25C,1111891,0.6,1.0,,1.6
2026-08-03,14,25C,1111894,4.0,4.4,,8.4
2026-08-03,15,100711,753363,2.8,3.0,,5.8
2026-08-03,16,340075,652706,2.2,2.3,,4.5
2026-08-03,17,100711,753261,1.9,2.4,,4.3
2026-08-03,18,100711,753248,2.0,2.1,,4.1
2026-08-03,19,25C,1111884,2.1,2.0,,4.1
2026-08-03,20,100711,753250,1.6,1.8,,3.4000000000000004
2026-08-03,21,100711,753294,4.0,4.2,,8.2
2026-08-03,22,25C,1111899,5.4,4.0,,9.4
2026-08-03,23,25C,1111852,2.7,2.9,,5.6
2026-08-03,24,100648,121543,1.3,1.4,,2.7
2026-08-03,25,100646,876742,3.7,2.6,,6.300000000000001
2026-08-03,26,25C,1111885,3.0,4.2,,7.2
2026-08-03,27,25C,1111881,1.7,2.1,,3.8
2026-08-03,28,25C,1111858,1.1,1.3,,2.4000000000000004
2026-08-03,29,106203,526677,0.0,0.0,,0.0
2026-08-03,30,25C,1111859,2.2,1.8,,4.0
2026-08-03,31,102540,482731,4.7,4.5,,9.2
2026-08-03,32,25C,1111893,6.5,2.0,,8.5
2026-08-03,33,25C,1111864,1.8,1.8,,3.6
2026-08-03,34,100711,753090,3.7,3.5,,7.2
2026-08-03,35,103352,627815,2.5,2.3,,4.8
2026-08-03,36,25C,1111869,4.8,5.0,,9.8
2026-08-03,37,100648,119170,4.1,4.0,,8.1
2026-08-03,38,25C,1111861,5.8,5.7,,11.5
2026-08-03,39,103352,819682,4.6,4.9,,9.5
2026-08-03,40,100711,753204,3.2,3.3,,6.5
2026-08-03,41,106190,606824,2.2,2.2,,4.4
2026-08-03,42,25C,1111876,0.0,1.4,,1.4
2026-08-03,43,25C,1111856,5.1,5.7,,10.8
2026-08-03,44,25C,1111897,4.3,4.7,,9.0
2026-08-03,45,25C,1111873,2.8,2.9,,5.699999999999999
2026-08-03,46,25C,1111874,3.0,3.3,,6.3
2026-08-03,47,25C,1111862,6.1,5.2,,11.3
2026-08-03,48,106190,608273,4.3,4.2,,8.5
2026-08-03,49,25C,1111877,3.5,3.2,,6.7
2026-08-03,50,180064,876580,4.4,3.3,,7.7
2026-08-03,51,1061520,10782,4.0,3.7,,7.7
2026-08-03,52,102632,508757,0.0,0.0,,0.0
2026-08-03,53,25C,1111880,4.4,5.0,,9.4
2026-08-03,54,25C,1111867,2.9,3.2,,6.1
2026-08-03,55,25C,1111892,2.3,2.8,,5.1
2026-08-03,56,100649,445286,3.9,3.3,,7.199999999999999
2026-08-03,57,25C,1111898,0.0,0.0,,0.0
2026-08-04,1,25C,1111857,2.2,2.3,,4.5
2026-08-04,2,25C,1111878,1.0,1.0,,2.0
2026-08-04,3,100711,753283,1.5,1.5,,3.0
2026-08-04,4,25C,1111882,0.0,0.0,,0.0
2026-08-04,5,106208,691820,0.0,0.0,,0.0
2026-08-04,6,25C,1111883,0.0,0.0,,0.0
2026-08-04,7,25C,1111863,0.0,0.0,,0.0
2026-08-04,8,25C,1111853,1.6,2.0,,3.6
2026-08-04,9,102525,657298,1.9,2.0,,3.9
2026-08-04,10,100711,753033,1.5,1.7,,3.2
2026-08-04,11,105153,142248,1.9,1.8,,3.7
2026-08-04,12,100711,753000,0.0,0.8,,0.8
2026-08-04,13,25C,1111891,0.4,0.0,,0.4
2026-08-04,14,25C,1111894,4.2,4.4,,8.600000000000001
2026-08-04,15,100711,753363,2.9,3.0,,5.9
2026-08-04,16,340075,652706,2.4,2.4,,4.8
2026-08-04,17,100711,753261,2.5,2.5,,5.0
2026-08-04,18,100711,753248,2.4,2.4,,4.8
2026-08-04,19,25C,1111884,2.1,2.4,,4.5
2026-08-04,20,100711,753250,1.7,1.9,,3.5999999999999996
2026-08-04,21,100711,753294,3.9,4.2,,8.1
2026-08-04,22,25C,1111899,4.4,4.8,,9.2
2026-08-04,23,25C,1111852,2.8,3.2,,6.0
2026-08-04,24,100648,121543,1.5,1.9,,3.4
2026-08-04,25,100646,876742,3.4,3.2,,6.6
2026-08-04,26,25C,1111885,3.5,3.9,,7.4
2026-08-04,27,25C,1111881,2.0,2.0,,4.0
2026-08-04,28,25C,1111858,1.2,1.4,,2.5999999999999996
2026-08-04,29,106203,526677,0.0,0.5,,0.5
2026-08-04,30,25C,1111859,1.2,1.9,,3.0999999999999996
2026-08-04,31,102540,482731,5.0,5.6,,10.6
2026-08-04,32,25C,1111893,1.4,6.8,,8.2
2026-08-04,33,25C,1111864,1.7,1.8,,3.5
2026-08-04,34,100711,753090,3.7,3.8,,7.5
2026-08-04,35,103352,627815,2.4,2.8,,5.199999999999999
2026-08-04,36,25C,1111869,4.7,5.5,,10.2
2026-08-04,37,100648,119170,4.1,4.6,,8.7
2026-08-04,38,25C,1111861,6.0,6.3,,12.3
2026-08-04,39,103352,819682,4.6,5.4,,10.0
2026-08-04,40,100711,753204,3.4,3.5,,6.9
2026-08-04,41,106190,606824,2.3,2.4,,4.699999999999999
2026-08-04,42,25C,1111876,0.0,1.6,,1.6
2026-08-04,43,25C,1111856,5.2,5.2,,10.4
2026-08-04,44,25C,1111897,4.8,4.8,,9.6
2026-08-04,45,25C,1111873,2.8,4.5,,7.3
2026-08-04,46,25C,1111874,3.1,3.5,,6.6
2026-08-04,47,25C,1111862,6.2,5.2,,11.4
2026-08-04,48,106190,608273,4.3,5.0,,9.3
2026-08-04,49,25C,1111877,4.2,4.5,,8.7
2026-08-04,50,180064,876580,4.3,3.5,,7.8
2026-08-04,51,1061520,10782,4.0,3.5,,7.5
2026-08-04,52,102632,508757,0.0,0.0,,0.0
2026-08-04,53,25C,1111880,5.5,5.1,,10.6
2026-08-04,54,25C,1111867,3.8,3.5,,7.3
2026-08-04,55,25C,1111892,2.1,2.3,,4.4
2026-08-04,56,100649,445286,3.1,1.2,,4.3
2026-08-04,57,25C,1111898,0.0,0.0,,0.0
2026-08-05,1,25C,1111857,1.9,1.8,,3.7
2026-08-05,2,25C,1111878,1.0,1.1,,2.1
2026-08-05,3,100711,753283,1.4,1.2,,2.5999999999999996
2026-08-05,4,25C,1111882,0.0,0.0,,0.0
2026-08-05,5,106208,691820,0.0,0.0,,0.0
2026-08-05,6,25C,1111883,0.0,0.0,,0.0
2026-08-05,7,25C,1111863,0.0,0.0,,0.0
2026-08-05,8,25C,1111853,1.5,1.9,,3.4
2026-08-05,9,102525,657298,1.6,1.8,,3.4000000000000004
2026-08-05,10,100711,753033,1.7,1.2,,2.9
2026-08-05,11,105153,142248,1.6,1.5,,3.1
2026-08-05,12,100711,753000,0.0,1.8,,1.8
2026-08-05,13,25C,1111891,0.0,0.2,,0.2
2026-08-05,14,25C,1111894,3.5,3.5,,7.0
2026-08-05,15,100711,753363,3.1,2.8,,5.9
2026-08-05,16,340075,652706,2.3,2.0,,4.3
2026-08-05,17,100711,753261,2.6,2.1,,4.7
2026-08-05,18,100711,753248,2.3,2.2,,4.5
2026-08-05,19,25C,1111884,2.5,2.5,,5.0
2026-08-05,20,100711,753250,1.6,1.8,,3.4000000000000004
2026-08-05,21,100711,753294,4.4,4.3,,8.7
2026-08-05,22,25C,1111899,4.7,4.8,,9.5
2026-08-05,23,25C,1111852,3.2,3.2,,6.4
2026-08-05,24,100648,121543,1.2,1.6,,2.8
2026-08-05,25,100646,876742,3.6,3.1,,6.7
2026-08-05,26,25C,1111885,3.5,3.9,,7.4
2026-08-05,27,25C,1111881,2.0,1.4,,3.4
2026-08-05,28,25C,1111858,1.4,1.2,,2.5999999999999996
2026-08-05,29,106203,526677,0.0,0.5,,0.5
2026-08-05,30,25C,1111859,1.6,1.7,,3.3
2026-08-05,31,102540,482731,4.7,4.7,,9.4
2026-08-05,32,25C,1111893,4.7,4.6,,9.3
2026-08-05,33,25C,1111864,1.7,1.6,,3.3
2026-08-05,34,100711,753090,4.1,3.8,,7.8999999999999995
2026-08-05,35,103352,627815,2.1,2.3,,4.4
2026-08-05,36,25C,1111869,5.1,5.5,,10.6
2026-08-05,37,100648,119170,4.5,4.6,,9.1
2026-08-05,38,25C,1111861,6.3,6.5,,12.8
2026-08-05,39,103352,819682,5.4,5.8,,11.2
2026-08-05,40,100711,753204,3.5,3.4,,6.9
2026-08-05,41,106190,606824,2.4,2.3,,4.699999999999999
2026-08-05,42,25C,1111876,0.0,1.5,,1.5
2026-08-05,43,25C,1111856,5.5,5.1,,10.6
2026-08-05,44,25C,1111897,4.8,3.6,,8.4
2026-08-05,45,25C,1111873,2.4,2.3,,4.699999999999999
2026-08-05,46,25C,1111874,1.9,2.3,,4.199999999999999
2026-08-05,47,25C,1111862,5.1,7.2,,12.3
2026-08-05,48,106190,608273,3.5,2.9,,6.4
2026-08-05,49,25C,1111877,4.5,4.9,,9.4
2026-08-05,50,180064,876580,2.9,3.3,,6.199999999999999
2026-08-05,51,1061520,10782,4.1,3.5,,7.6
2026-08-05,52,102632,508757,0.0,0.0,,0.0
2026-08-05,53,25C,1111880,3.4,4.5,,7.9
2026-08-05,54,25C,1111867,3.3,3.4,,6.699999999999999
2026-08-05,55,25C,1111892,2.2,2.6,,4.800000000000001
2026-08-05,56,100649,445286,2.3,2.0,,4.3
2026-08-05,57,25C,1111898,0.0,0.0,,0.0
2026-08-06,1,25C,1111857,2.4,2.7,,5.1
2026-08-06,2,25C,1111878,1.2,1.3,,2.5
2026-08-06,3,100711,753283,1.3,1.1,,2.4000000000000004
2026-08-06,4,25C,1111882,0.0,0.0,,0.0
2026-08-06,5,106208,691820,0.0,0.0,,0.0
2026-08-06,6,25C,1111883,0.0,0.0,,0.0
2026-08-06,7,25C,1111863,0.0,0.0,,0.0
2026-08-06,8,25C,1111853,1.7,2.4,,4.1
2026-08-06,9,102525,657298,1.9,1.7,,3.5999999999999996
2026-08-06,10,100711,753033,1.6,1.5,,3.1
2026-08-06,11,105153,142248,1.7,2.2,,3.9000000000000004
2026-08-06,12,100711,753000,0.0,0.6,,0.6
2026-08-06,13,25C,1111891,0.2,0.0,,0.2
2026-08-06,14,25C,1111894,4.0,4.5,,8.5
2026-08-06,15,100711,753363,2.5,2.6,,5.1
2026-08-06,16,340075,652706,1.9,2.1,,4.0
2026-08-06,17,100711,753261,2.2,2.4,,4.6
2026-08-06,18,100711,753248,2.1,2.3,,4.4
2026-08-06,19,25C,1111884,2.2,2.2,,4.4
2026-08-06,20,100711,753250,1.6,1.4,,3.0
2026-08-06,21,100711,753294,4.03,4.6,,8.629999999999999
2026-08-06,22,25C,1111899,4.7,5.0,,9.7
2026-08-06,23,25C,1111852,3.2,3.0,,6.2
2026-08-06,24,100648,121543,1.8,1.7,,3.5
2026-08-06,25,100646,876742,2.8,2.8,,5.6
2026-08-06,26,25C,1111885,3.3,3.8,,7.1
2026-08-06,27,25C,1111881,1.6,1.5,,3.1
2026-08-06,28,25C,1111858,1.4,1.2,,2.5999999999999996
2026-08-06,29,106203,526677,0.0,0.5,,0.5
2026-08-06,30,25C,1111859,1.6,1.7,,3.3
2026-08-06,31,102540,482731,4.7,4.6,,9.3
2026-08-06,32,25C,1111893,5.0,5.7,,10.7
2026-08-06,33,25C,1111864,4.6,1.6,,6.199999999999999
2026-08-06,34,100711,753090,3.7,3.9,,7.6
2026-08-06,35,103352,627815,2.4,2.3,,4.699999999999999
2026-08-06,36,25C,1111869,4.5,5.4,,9.9
2026-08-06,37,100648,119170,4.6,4.7,,9.3
2026-08-06,38,25C,1111861,6.2,7.0,,13.2
2026-08-06,39,103352,819682,5.1,5.2,,10.3
2026-08-06,40,100711,753204,3.3,3.6,,6.9
2026-08-06,41,106190,606824,2.1,2.3,,4.4
2026-08-06,42,25C,1111876,0.0,1.6,,1.6
2026-08-06,43,25C,1111856,5.1,5.9,,11.0
2026-08-06,44,25C,1111897,3.4,4.0,,7.4
2026-08-06,45,25C,1111873,2.6,2.5,,5.1
2026-08-06,46,25C,1111874,2.2,2.4,,4.6
2026-08-06,47,25C,1111862,5.2,5.8,,11.0
2026-08-06,48,106190,608273,2.9,3.6,,6.5
2026-08-06,49,25C,1111877,4.0,3.8,,7.8
2026-08-06,50,180064,876580,2.5,4.0,,6.5
2026-08-06,51,1061520,10782,3.9,3.5,,7.4
2026-08-06,52,102632,508757,0.0,0.0,,0.0
2026-08-06,53,25C,1111880,4.3,5.0,,9.3
2026-08-06,54,25C,1111867,3.1,3.2,,6.300000000000001
2026-08-06,55,25C,1111892,2.7,3.0,,5.7
2026-08-06,56,100649,445286,2.0,3.8,,5.8
2026-08-06,57,25C,1111898,0.0,0.0,,0.0
2026-08-07,1,25C,1111857,2.4,2.5,,4.9
2026-08-07,2,25C,1111878,1.2,1.1,,2.3
2026-08-07,3,100711,753283,1.4,1.5,,2.9
2026-08-07,4,25C,1111882,0.0,0.0,,0.0
2026-08-07,5,106208,691820,0.0,0.0,,0.0
2026-08-07,6,25C,1111883,0.0,0.0,,0.0
2026-08-07,7,25C,1111863,0.0,0.0,,0.0
2026-08-07,8,25C,1111853,2.2,1.7,,3.9000000000000004
2026-08-07,9,102525,657298,1.2,2.3,,3.5
2026-08-07,10,100711,753033,1.6,1.5,,3.1
2026-08-07,11,105153,142248,2.1,1.8,,3.9000000000000004
2026-08-07,12,100711,753000,0.0,1.5,,1.5
2026-08-07,13,25C,1111891,0.5,0.0,,0.5
2026-08-07,14,25C,1111894,5.0,4.1,,9.1
2026-08-07,15,100711,753363,2.9,3.0,,5.9
2026-08-07,16,340075,652706,2.2,2.3,,4.5
2026-08-07,17,100711,753261,2.5,2.5,,5.0
2026-08-07,18,100711,753248,2.3,2.4,,4.699999999999999
2026-08-07,19,25C,1111884,2.5,2.9,,5.4
2026-08-07,20,100711,753250,1.9,1.8,,3.7
2026-08-07,21,100711,753294,4.6,4.3,,8.899999999999999
2026-08-07,22,25C,1111899,5.4,5.6,,11.0
2026-08-07,23,25C,1111852,3.3,3.3,,6.6
2026-08-07,24,100648,121543,1.2,1.6,,2.8
2026-08-07,25,100646,876742,3.3,3.2,,6.5
2026-08-07,26,25C,1111885,3.0,3.9,,6.9
2026-08-07,27,25C,1111881,1.9,2.0,,3.9
2026-08-07,28,25C,1111858,1.4,1.3,,2.7
2026-08-07,29,106203,526677,0.0,0.3,,0.3
2026-08-07,30,25C,1111859,1.9,1.9,,3.8
2026-08-07,31,102540,482731,4.8,5.0,,9.8
2026-08-07,32,25C,1111893,6.1,6.0,,12.1
2026-08-07,33,25C,1111864,1.6,1.6,,3.2
2026-08-07,34,100711,753090,4.2,4.1,,8.3
2026-08-07,35,103352,627815,2.4,2.7,,5.1
2026-08-07,36,25C,1111869,6.0,5.6,,11.6
2026-08-07,37,100648,119170,4.9,4.7,,9.600000000000001
2026-08-07,38,25C,1111861,6.8,6.5,,13.3
2026-08-07,39,103352,819682,5.4,4.9,,10.3
2026-08-07,40,100711,753204,3.9,3.7,,7.6
2026-08-07,41,106190,606824,2.1,2.0,,4.1
2026-08-07,42,25C,1111876,0.0,1.8,,1.8
2026-08-07,43,25C,1111856,5.0,5.4,,10.4
2026-08-07,44,25C,1111897,4.4,3.8,,8.2
2026-08-07,45,25C,1111873,2.4,3.0,,5.4
2026-08-07,46,25C,1111874,2.8,2.1,,4.9
2026-08-07,47,25C,1111862,5.8,4.9,,10.7
2026-08-07,48,106190,608273,4.3,3.9,,8.2
2026-08-07,49,25C,1111877,4.4,4.7,,9.100000000000001
2026-08-07,50,180064,876580,4.1,3.8,,7.8999999999999995
2026-08-07,51,1061520,10782,3.6,3.7,,7.300000000000001
2026-08-07,52,102632,508757,0.0,0.0,,0.0
2026-08-07,53,25C,1111880,5.3,5.4,,10.7
2026-08-07,54,25C,1111867,3.8,3.4,,7.199999999999999
2026-08-07,55,25C,1111892,3.2,2.9,,6.1
2026-08-07,56,100649,445286,3.3,3.2,,6.5
2026-08-07,57,25C,1111898,0.0,0.0,,0.0
2026-08-08,1,25C,1111857,2.3,2.4,,4.699999999999999
2026-08-08,2,25C,1111878,1.4,1.5,,2.9
2026-08-08,3,100711,753283,1.0,1.6,,2.6
2026-08-08,4,25C,1111882,10.0,0.0,,10.0
2026-08-08,5,106208,691820,0.0,0.0,,0.0
2026-08-08,6,25C,1111883,0.0,0.0,,0.0
2026-08-08,7,25C,1111863,0.0,0.0,,0.0
2026-08-08,8,25C,1111853,1.7,1.8,,3.5
2026-08-08,9,102525,657298,1.5,0.8,,2.3
2026-08-08,10,100711,753033,1.6,1.3,,2.9000000000000004
2026-08-08,11,105153,142248,1.4,1.8,,3.2
2026-08-08,12,100711,753000,0.0,0.6,,0.6
2026-08-08,13,25C,1111891,0.4,0.0,,0.4
2026-08-08,14,25C,1111894,3.8,3.9,,7.699999999999999
2026-08-08,15,100711,753363,3.0,1.9,,4.9
2026-08-08,16,340075,652706,2.4,2.2,,4.6
2026-08-08,17,100711,753261,2.6,2.4,,5.0
2026-08-08,18,100711,753248,2.2,2.2,,4.4
2026-08-08,19,25C,1111884,2.5,2.3,,4.8
2026-08-08,20,100711,753250,1.8,1.7,,3.5
2026-08-08,21,100711,753294,4.6,4.2,,8.8
2026-08-08,22,25C,1111899,5.9,6.3,,12.2
2026-08-08,23,25C,1111852,3.1,3.5,,6.6
2026-08-08,24,100648,121543,1.5,1.3,,2.8
2026-08-08,25,100646,876742,3.4,3.0,,6.4
2026-08-08,26,25C,1111885,3.5,4.0,,7.5
2026-08-08,27,25C,1111881,1.9,1.6,,3.5
2026-08-08,28,25C,1111858,1.2,1.3,,2.5
2026-08-08,29,106203,526677,0.0,0.3,,0.3
2026-08-08,30,25C,1111859,1.1,1.74,,2.84
2026-08-08,31,102540,482731,4.9,4.6,,9.5
2026-08-08,32,25C,1111893,6.3,5.2,,11.5
2026-08-08,33,25C,1111864,1.0,1.5,,2.5
2026-08-08,34,100711,753090,4.1,3.8,,7.8999999999999995
2026-08-08,35,103352,627815,2.7,2.6,,5.300000000000001
2026-08-08,36,25C,1111869,5.0,4.7,,9.7
2026-08-08,37,100648,119170,4.0,4.4,,8.4
2026-08-08,38,25C,1111861,6.3,6.0,,12.3
2026-08-08,39,103352,819682,4.5,5.6,,10.1
2026-08-08,40,100711,753204,3.7,3.4,,7.1
2026-08-08,41,106190,606824,2.0,1.7,,3.7
2026-08-08,42,25C,1111876,0.0,1.3,,1.3
2026-08-08,43,25C,1111856,5.5,5.4,,10.9
2026-08-08,44,25C,1111897,4.7,4.4,,9.100000000000001
2026-08-08,45,25C,1111873,3.0,2.0,,5.0
2026-08-08,46,25C,1111874,2.9,1.8,,4.7
2026-08-08,47,25C,1111862,5.1,4.0,,9.1
2026-08-08,48,106190,608273,4.0,3.1,,7.1
2026-08-08,49,25C,1111877,3.6,4.8,,8.4
2026-08-08,50,180064,876580,3.3,3.7,,7.0
2026-08-08,51,1061520,10782,3.7,3.6,,7.300000000000001
2026-08-08,52,102632,508757,0.0,0.0,,0.0
2026-08-08,53,25C,1111880,5.0,4.5,,9.5
2026-08-08,54,25C,1111867,3.6,3.6,,7.2
2026-08-08,55,25C,1111892,3.7,2.5,,6.2
2026-08-08,56,100649,445286,2.8,3.2,,6.0
2026-08-08,57,25C,1111898,0.0,0.0,,0.0
2026-08-09,1,25C,1111857,2.2,1.7,,3.9000000000000004
2026-08-09,2,25C,1111878,1.0,0.96,,1.96
2026-08-09,3,100711,753283,1.4,1.4,,2.8
2026-08-09,4,25C,1111882,0.0,0.0,,0.0
2026-08-09,5,106208,691820,0.0,0.0,,0.0
2026-08-09,6,25C,1111883,0.0,0.0,,0.0
2026-08-09,7,25C,1111863,0.0,0.0,,0.0
2026-08-09,8,25C,1111853,1.6,1.8,,3.4000000000000004
2026-08-09,9,102525,657298,0.5,2.3,,2.8
2026-08-09,10,100711,753033,1.3,1.4,,2.7
2026-08-09,11,105153,142248,0.5,2.8,,3.3
2026-08-09,12,100711,753000,0.6,0.6,,1.2
2026-08-09,13,25C,1111891,0.0,0.0,,0.0
2026-08-09,14,25C,1111894,3.8,3.8,,7.6
2026-08-09,15,100711,753363,2.2,2.2,,4.4
2026-08-09,16,340075,652706,2.4,2.4,,4.8
2026-08-09,17,100711,753261,2.4,2.4,,4.8
2026-08-09,18,100711,753248,2.0,2.0,,4.0
2026-08-09,19,25C,1111884,2.2,2.2,,4.4
2026-08-09,20,100711,753250,2.1,2.1,,4.2
2026-08-09,21,100711,753294,3.3,3.3,,6.6
2026-08-09,22,25C,1111899,5.6,5.6,,11.2
2026-08-09,23,25C,1111852,2.8,2.8,,5.6
2026-08-09,24,100648,121543,1.2,1.2,,2.4
2026-08-09,25,100646,876742,3.2,3.2,,6.4
2026-08-09,26,25C,1111885,3.2,3.7,,6.9
2026-08-09,27,25C,1111881,1.7,1.5,,3.2
2026-08-09,28,25C,1111858,1.2,1.2,,2.4
2026-08-09,29,106203,526677,0.0,0.3,,0.3
2026-08-09,30,25C,1111859,1.7,1.6,,3.3
2026-08-09,31,102540,482731,4.4,4.4,,8.8
2026-08-09,32,25C,1111893,5.1,4.9,,10.0
2026-08-09,33,25C,1111864,1.6,1.6,,3.2
2026-08-09,34,100711,753090,3.8,3.7,,7.5
2026-08-09,35,103352,627815,2.1,3.5,,5.6
2026-08-09,36,25C,1111869,4.8,4.0,,8.8
2026-08-09,37,100648,119170,3.8,4.1,,7.8999999999999995
2026-08-09,38,25C,1111861,5.5,5.4,,10.9
2026-08-09,39,103352,819682,4.6,4.7,,9.3
2026-08-09,40,100711,753204,2.9,3.4,,6.3
2026-08-09,41,106190,606824,1.7,2.0,,3.7
2026-08-09,42,25C,1111876,0.0,1.3,,1.3
2026-08-09,43,25C,1111856,5.0,4.8,,9.8
2026-08-09,44,25C,1111897,3.4,3.7,,7.1
2026-08-09,45,25C,1111873,1.8,2.8,,4.6
2026-08-09,46,25C,1111874,2.3,2.6,,4.9
2026-08-09,47,25C,1111862,3.3,3.5,,6.8
2026-08-09,48,106190,608273,2.0,2.6,,4.6
2026-08-09,49,25C,1111877,4.0,4.5,,8.5
2026-08-09,50,180064,876580,3.2,3.2,,6.4
2026-08-09,51,1061520,10782,3.5,3.4,,6.9
2026-08-09,52,102632,508757,0.0,0.0,,0.0
2026-08-09,53,25C,1111880,5.2,5.2,,10.4
2026-08-09,54,25C,1111867,3.3,3.3,,6.6
2026-08-09,55,25C,1111892,2.7,2.7,,5.4
2026-08-09,56,100649,445286,3.5,3.5,,7.0
2026-08-09,57,25C,1111898,0.0,0.0,,0.0
2026-08-10,1,25C,1111857,2.0,2.4,,4.4
2026-08-10,2,25C,1111878,0.9,0.9,,1.8
2026-08-10,3,100711,753283,1.4,1.4,,2.8
2026-08-10,4,25C,1111882,0.0,0.0,,0.0
2026-08-10,5,106208,691820,0.0,0.0,,0.0
2026-08-10,6,25C,1111883,0.0,0.0,,0.0
2026-08-10,7,25C,1111863,0.0,0.0,,0.0
2026-08-10,8,25C,1111853,2.0,2.0,,4.0
2026-08-10,9,102525,657298,0.0,0.5,,0.5
2026-08-10,10,100711,753033,1.4,1.6,,3.0
2026-08-10,11,105153,142248,0.2,1.0,,1.2
2026-08-10,12,100711,753000,0.0,0.8,,0.8
2026-08-10,13,25C,1111891,0.0,0.0,,0.0
2026-08-10,14,25C,1111894,0.4,4.1,,4.5
2026-08-10,15,100711,753363,2.41,2.6,,5.01
2026-08-10,16,340075,652706,2.3,2.2,,4.5
2026-08-10,17,100711,753261,2.4,2.3,,4.699999999999999
2026-08-10,18,100711,753248,20.0,2.4,,22.4
2026-08-10,19,25C,1111884,2.5,2.4,,4.9
2026-08-10,20,100711,753250,1.8,1.6,,3.4000000000000004
2026-08-10,21,100711,753294,4.4,4.0,,8.4
2026-08-10,22,25C,1111899,5.0,4.7,,9.7
2026-08-10,23,25C,1111852,2.9,2.7,,5.6
2026-08-10,24,100648,121543,1.5,1.3,,2.8
2026-08-10,25,100646,876742,3.2,3.0,,6.2
2026-08-10,26,25C,1111885,3.3,3.2,,6.5
2026-08-10,27,25C,1111881,2.0,1.6,,3.6
2026-08-10,28,25C,1111858,2.2,1.2,,3.4000000000000004
2026-08-10,29,106203,526677,0.0,0.4,,0.4
2026-08-10,30,25C,1111859,1.8,2.0,,3.8
2026-08-10,31,102540,482731,4.6,4.4,,9.0
2026-08-10,32,25C,1111893,6.7,6.1,,12.8
2026-08-10,33,25C,1111864,1.6,1.6,,3.2
2026-08-10,34,100711,753090,4.0,3.9,,7.9
2026-08-10,35,103352,627815,2.3,2.2,,4.5
2026-08-10,36,25C,1111869,4.3,5.3,,9.6
2026-08-10,37,100648,119170,4.3,4.4,,8.7
2026-08-10,38,25C,1111861,6.3,6.3,,12.6
2026-08-10,39,103352,819682,6.8,4.8,,11.6
2026-08-10,40,100711,753204,3.6,3.3,,6.9
2026-08-10,41,106190,606824,2.5,2.3,,4.8
2026-08-10,42,25C,1111876,0.0,1.4,,1.4
2026-08-10,43,25C,1111856,4.9,5.2,,10.100000000000001
2026-08-10,44,25C,1111897,3.8,3.6,,7.4
2026-08-10,45,25C,1111873,2.6,2.3,,4.9
2026-08-10,46,25C,1111874,2.5,2.0,,4.5
2026-08-10,47,25C,1111862,2.9,3.3,,6.199999999999999
2026-08-10,48,106190,608273,3.3,2.9,,6.199999999999999
2026-08-10,49,25C,1111877,4.3,4.5,,8.8
2026-08-10,50,180064,876580,3.4,3.5,,6.9
2026-08-10,51,1061520,10782,3.7,3.4,,7.1
2026-08-10,52,102632,508757,0.0,0.0,,0.0
2026-08-10,53,25C,1111880,3.9,3.7,,7.6
2026-08-10,54,25C,1111867,3.9,3.9,,7.8
2026-08-10,55,25C,1111892,2.4,2.5,,4.9
2026-08-10,56,100649,445286,3.3,3.1,,6.4
2026-08-10,57,25C,1111898,0.0,0.0,,0.0
2026-08-11,1,25C,1111857,2.6,2.7,,5.300000000000001
2026-08-11,2,25C,1111878,0.9,1.0,,1.9
2026-08-11,3,100711,753283,1.4,1.6,,3.0
2026-08-11,4,25C,1111882,0.0,0.0,,0.0
2026-08-11,5,106208,691820,0.0,0.0,,0.0
2026-08-11,6,25C,1111883,0.0,0.0,,0.0
2026-08-11,7,25C,1111863,0.0,0.0,,0.0
2026-08-11,8,25C,1111853,1.6,2.3,,3.9
2026-08-11,9,102525,657298,0.0,0.2,,0.2
2026-08-11,10,100711,753033,1.6,1.7,,3.3
2026-08-11,11,105153,142248,1.0,0.9,,1.9
2026-08-11,12,100711,753000,0.0,1.5,,1.5
2026-08-11,13,25C,1111891,0.4,0.0,,0.4
2026-08-11,14,25C,1111894,3.4,5.0,,8.4
2026-08-11,15,100711,753363,2.5,2.9,,5.4
2026-08-11,16,340075,652706,2.1,2.4,,4.5
2026-08-11,17,100711,753261,2.2,2.7,,4.9
2026-08-11,18,100711,753248,2.0,1.3,,3.3
2026-08-11,19,25C,1111884,2.2,2.9,,5.1
2026-08-11,20,100711,753250,1.8,1.9,,3.7
2026-08-11,21,100711,753294,4.2,4.5,,8.7
2026-08-11,22,25C,1111899,5.3,5.3,,10.6
2026-08-11,23,25C,1111852,2.7,3.1,,5.800000000000001
2026-08-11,24,100648,121543,1.5,1.8,,3.3
2026-08-11,25,100646,876742,3.0,3.4,,6.4
2026-08-11,26,25C,1111885,3.5,4.8,,8.3
2026-08-11,27,25C,1111881,1.6,1.7,,3.3
2026-08-11,28,25C,1111858,1.9,1.8,,3.7
2026-08-11,29,106203,526677,0.0,0.3,,0.3
2026-08-11,30,25C,1111859,1.8,1.7,,3.5
2026-08-11,31,102540,482731,4.7,5.1,,9.8
2026-08-11,32,25C,1111893,5.6,6.7,,12.3
2026-08-11,33,25C,1111864,1.5,1.8,,3.3
2026-08-11,34,100711,753090,3.8,4.1,,7.8999999999999995
2026-08-11,35,103352,627815,2.1,2.5,,4.6
2026-08-11,36,25C,1111869,4.8,4.4,,9.2
2026-08-11,37,100648,119170,3.8,4.1,,7.8999999999999995
2026-08-11,38,25C,1111861,5.7,6.6,,12.3
2026-08-11,39,103352,819682,4.5,5.3,,9.8
2026-08-11,40,100711,753204,3.2,3.9,,7.1
2026-08-11,41,106190,606824,1.06,2.8,,3.86
2026-08-11,42,25C,1111876,0.0,1.5,,1.5
2026-08-11,43,25C,1111856,4.2,5.9,,10.100000000000001
2026-08-11,44,25C,1111897,3.9,4.1,,8.0
2026-08-11,45,25C,1111873,2.2,2.9,,5.1
2026-08-11,46,25C,1111874,2.0,2.8,,4.8
2026-08-11,47,25C,1111862,3.96,4.4,,8.36
2026-08-11,48,106190,608273,3.0,3.4,,6.4
2026-08-11,49,25C,1111877,4.0,4.1,,8.1
2026-08-11,50,180064,876580,2.9,3.5,,6.4
2026-08-11,51,1061520,10782,3.0,3.7,,6.7
2026-08-11,52,102632,508757,0.0,0.0,,0.0
2026-08-11,53,25C,1111880,4.3,4.5,,8.8
2026-08-11,54,25C,1111867,3.4,3.5,,6.9
2026-08-11,55,25C,1111892,2.4,3.0,,5.4
2026-08-11,56,100649,445286,2.2,2.9,,5.1
2026-08-11,57,25C,1111898,0.0,0.0,,0.0
2026-08-12,1,25C,1111857,2.1,1.5,,3.6
2026-08-12,2,25C,1111878,0.9,0.8,,1.7000000000000002
2026-08-12,3,100711,753283,1.5,1.4,,2.9
2026-08-12,4,25C,1111882,0.0,0.0,,0.0
2026-08-12,5,106208,691820,0.0,0.0,,0.0
2026-08-12,6,25C,1111883,0.0,0.0,,0.0
2026-08-12,7,25C,1111863,0.0,0.0,,0.0
2026-08-12,8,25C,1111853,1.8,1.8,,3.6
2026-08-12,9,102525,657298,0.0,0.2,,0.2
2026-08-12,10,100711,753033,1.5,1.4,,2.9
2026-08-12,11,105153,142248,0.4,0.3,,0.7
2026-08-12,12,100711,753000,0.5,0.5,,1.0
2026-08-12,13,25C,1111891,0.0,0.0,,0.0
2026-08-12,14,25C,1111894,4.0,4.0,,8.0
2026-08-12,15,100711,753363,2.6,2.6,,5.2
2026-08-12,16,340075,652706,2.0,2.0,,4.0
2026-08-12,17,100711,753261,2.1,2.1,,4.2
2026-08-12,18,100711,753248,2.0,2.0,,4.0
2026-08-12,19,25C,1111884,2.3,2.3,,4.6
2026-08-12,20,100711,753250,1.9,1.9,,3.8
2026-08-12,21,100711,753294,4.6,4.6,,9.2
2026-08-12,22,25C,1111899,3.7,3.7,,7.4
2026-08-12,23,25C,1111852,2.5,2.5,,5.0
2026-08-12,24,100648,121543,1.6,1.6,,3.2
2026-08-12,25,100646,876742,2.4,2.4,,4.8
2026-08-12,26,25C,1111885,3.0,3.2,,6.2
2026-08-12,27,25C,1111881,1.5,1.5,,3.0
2026-08-12,28,25C,1111858,2.9,2.7,,5.6
2026-08-12,29,106203,526677,0.0,0.6,,0.6
2026-08-12,30,25C,1111859,1.5,1.6,,3.1
2026-08-12,31,102540,482731,4.4,4.5,,8.9
2026-08-12,32,25C,1111893,5.8,5.5,,11.3
2026-08-12,33,25C,1111864,1.1,1.3,,2.4000000000000004
2026-08-12,34,100711,753090,3.4,3.6,,7.0
2026-08-12,35,103352,627815,2.4,2.1,,4.5
2026-08-12,36,25C,1111869,4.2,4.5,,8.7
2026-08-12,37,100648,119170,3.9,3.5,,7.4
2026-08-12,38,25C,1111861,6.1,5.9,,12.0
2026-08-12,39,103352,819682,4.0,4.3,,8.3
2026-08-12,40,100711,753204,3.3,2.8,,6.1
2026-08-12,41,106190,606824,3.6,4.3,,7.9
2026-08-12,42,25C,1111876,0.0,1.2,,1.2
2026-08-12,43,25C,1111856,4.8,5.3,,10.1
2026-08-12,44,25C,1111897,3.5,3.8,,7.3
2026-08-12,45,25C,1111873,4.5,2.3,,6.8
2026-08-12,46,25C,1111874,2.2,2.6,,4.800000000000001
2026-08-12,47,25C,1111862,4.4,3.8,,8.2
2026-08-12,48,106190,608273,2.9,2.9,,5.8
2026-08-12,49,25C,1111877,4.1,3.8,,7.8999999999999995
2026-08-12,50,180064,876580,3.0,3.0,,6.0
2026-08-12,51,1061520,10782,3.4,3.3,,6.699999999999999
2026-08-12,52,102632,508757,0.0,0.0,,0.0
2026-08-12,53,25C,1111880,4.7,7.4,,12.100000000000001
2026-08-12,54,25C,1111867,3.0,3.0,,6.0
2026-08-12,55,25C,1111892,2.5,2.5,,5.0
2026-08-12,56,100649,445286,2.9,2.9,,5.8
2026-08-12,57,25C,1111898,0.0,0.0,,0.0
2026-08-13,1,25C,1111857,1.6,2.0,,3.6
2026-08-13,2,25C,1111878,1.0,0.9,,1.9
2026-08-13,3,100711,753283,1.3,1.3,,2.6
2026-08-13,4,25C,1111882,0.0,0.0,,0.0
2026-08-13,5,106208,691820,0.0,0.0,,0.0
2026-08-13,6,25C,1111883,0.0,0.0,,0.0
2026-08-13,7,25C,1111863,0.0,0.0,,0.0
2026-08-13,8,25C,1111853,1.6,1.5,,3.1
2026-08-13,9,102525,657298,0.0,0.0,,0.0
2026-08-13,10,100711,753033,1.5,1.3,,2.8
2026-08-13,11,105153,142248,0.1,0.0,,0.1
2026-08-13,12,100711,753000,0.0,1.1,,1.1
2026-08-13,13,25C,1111891,0.5,0.0,,0.5
2026-08-13,14,25C,1111894,3.4,3.8,,7.199999999999999
2026-08-13,15,100711,753363,2.2,2.4,,4.6
2026-08-13,16,340075,652706,2.0,2.3,,4.3
2026-08-13,17,100711,753261,2.4,2.0,,4.4
2026-08-13,18,100711,753248,2.6,1.7,,4.3
2026-08-13,19,25C,1111884,2.4,1.8,,4.2
2026-08-13,20,100711,753250,2.1,2.1,,4.2
2026-08-13,21,100711,753294,4.3,4.2,,8.5
2026-08-13,22,25C,1111899,4.5,5.4,,9.9
2026-08-13,23,25C,1111852,2.4,2.6,,5.0
2026-08-13,24,100648,121543,1.4,1.4,,2.8
2026-08-13,25,100646,876742,2.6,2.7,,5.300000000000001
2026-08-13,26,25C,1111885,3.1,3.5,,6.6
2026-08-13,27,25C,1111881,1.5,1.7,,3.2
2026-08-13,28,25C,1111858,2.2,2.5,,4.7
2026-08-13,29,106203,526677,0.0,0.3,,0.3
2026-08-13,30,25C,1111859,1.2,1.4,,2.5999999999999996
2026-08-13,31,102540,482731,4.4,4.9,,9.3
2026-08-13,32,25C,1111893,6.0,5.8,,11.8
2026-08-13,33,25C,1111864,1.0,1.3,,2.3
2026-08-13,34,100711,753090,3.2,2.7,,5.9
2026-08-13,35,103352,627815,3.0,2.4,,5.4
2026-08-13,36,25C,1111869,4.4,4.3,,8.7
2026-08-13,37,100648,119170,4.0,3.5,,7.5
2026-08-13,38,25C,1111861,5.74,6.6,,12.34
2026-08-13,39,103352,819682,4.0,4.8,,8.8
2026-08-13,40,100711,753204,3.3,3.2,,6.5
2026-08-13,41,106190,606824,2.6,2.2,,4.800000000000001
2026-08-13,42,25C,1111876,0.0,1.3,,1.3
2026-08-13,43,25C,1111856,4.96,4.9,,9.86
2026-08-13,44,25C,1111897,4.0,3.8,,7.8
2026-08-13,45,25C,1111873,2.2,2.1,,4.300000000000001
2026-08-13,46,25C,1111874,2.85,2.6,,5.45
2026-08-13,47,25C,1111862,5.5,5.0,,10.5
2026-08-13,48,106190,608273,2.1,3.2,,5.300000000000001
2026-08-13,49,25C,1111877,3.6,4.2,,7.800000000000001
2026-08-13,50,180064,876580,3.4,3.2,,6.6
2026-08-13,51,1061520,10782,3.5,3.4,,6.9
2026-08-13,52,102632,508757,0.0,0.0,,0.0
2026-08-13,53,25C,1111880,5.2,5.1,,10.3
2026-08-13,54,25C,1111867,3.74,3.3,,7.04
2026-08-13,55,25C,1111892,2.6,2.7,,5.300000000000001
2026-08-13,56,100649,445286,3.3,3.3,,6.6
2026-08-13,57,25C,1111898,0.0,0.0,,0.0
2026-08-14,1,25C,1111857,0.8,1.9,,2.7
2026-08-14,2,25C,1111878,0.8,0.8,,1.6
2026-08-14,3,100711,753283,1.3,1.3,,2.6
2026-08-14,4,25C,1111882,0.0,0.0,,0.0
2026-08-14,5,106208,691820,0.0,0.0,,0.0
2026-08-14,6,25C,1111883,0.0,0.0,,0.0
2026-08-14,7,25C,1111863,0.0,0.0,,0.0
2026-08-14,8,25C,1111853,2.0,2.7,,4.7
2026-08-14,9,102525,657298,0.0,2.0,,2.0
2026-08-14,10,100711,753033,1.1,2.7,,3.8000000000000003
2026-08-14,11,105153,142248,0.0,0.4,,0.4
2026-08-14,12,100711,753000,0.0,0.4,,0.4
2026-08-14,13,25C,1111891,0.3,0.0,,0.3
2026-08-14,14,25C,1111894,3.3,4.0,,7.3
2026-08-14,15,100711,753363,1.9,2.4,,4.3
2026-08-14,16,340075,652706,1.7,1.9,,3.5999999999999996
2026-08-14,17,100711,753261,1.9,1.8,,3.7
2026-08-14,18,100711,753248,1.9,1.7,,3.5999999999999996
2026-08-14,19,25C,1111884,1.3,1.3,,2.6
2026-08-14,20,100711,753250,2.1,2.4,,4.5
2026-08-14,21,100711,753294,3.7,3.2,,6.9
2026-08-14,22,25C,1111899,4.5,4.2,,8.7
2026-08-14,23,25C,1111852,2.4,2.0,,4.4
2026-08-14,24,100648,121543,1.2,1.5,,2.7
2026-08-14,25,100646,876742,2.2,2.3,,4.5
2026-08-14,26,25C,1111885,3.5,3.2,,6.7
2026-08-14,27,25C,1111881,1.5,1.6,,3.1
2026-08-14,28,25C,1111858,2.2,2.4,,4.6
2026-08-14,29,106203,526677,0.3,1.6,,1.9000000000000001
2026-08-14,30,25C,1111859,1.2,1.6,,2.8
2026-08-14,31,102540,482731,4.6,4.9,,9.5
2026-08-14,32,25C,1111893,5.9,5.9,,11.8
2026-08-14,33,25C,1111864,1.2,1.0,,2.2
2026-08-14,34,100711,753090,3.5,2.4,,5.9
2026-08-14,35,103352,627815,2.2,3.5,,5.7
2026-08-14,36,25C,1111869,4.4,4.0,,8.4
2026-08-14,37,100648,119170,3.2,4.2,,7.4
2026-08-14,38,25C,1111861,5.6,5.7,,11.3
2026-08-14,39,103352,819682,4.0,4.2,,8.2
2026-08-14,40,100711,753204,3.3,2.9,,6.199999999999999
2026-08-14,41,106190,606824,2.0,2.7,,4.7
2026-08-14,42,25C,1111876,0.0,1.1,,1.1
2026-08-14,43,25C,1111856,4.2,5.0,,9.2
2026-08-14,44,25C,1111897,3.7,3.8,,7.5
2026-08-14,45,25C,1111873,2.3,2.3,,4.6
2026-08-14,46,25C,1111874,2.7,2.6,,5.300000000000001
2026-08-14,47,25C,1111862,4.8,5.0,,9.8
2026-08-14,48,106190,608273,2.9,3.2,,6.1
2026-08-14,49,25C,1111877,3.5,3.3,,6.8
2026-08-14,50,180064,876580,2.6,3.1,,5.7
2026-08-14,51,1061520,10782,3.1,3.3,,6.4
2026-08-14,52,102632,508757,0.0,0.0,,0.0
2026-08-14,53,25C,1111880,4.8,5.0,,9.8
2026-08-14,54,25C,1111867,3.4,3.5,,6.9
2026-08-14,55,25C,1111892,2.6,2.7,,5.300000000000001
2026-08-14,56,100649,445286,3.0,3.2,,6.2
2026-08-14,57,25C,1111898,0.0,0.0,,0.0
2026-08-15,1,25C,1111857,1.8,1.5,,3.3
2026-08-15,2,25C,1111878,0.8,0.8,,1.6
2026-08-15,3,100711,753283,1.2,1.3,,2.5
2026-08-15,4,25C,1111882,0.0,0.0,,0.0
2026-08-15,5,106208,691820,0.0,0.0,,0.0
2026-08-15,6,25C,1111883,0.0,0.0,,0.0
2026-08-15,7,25C,1111863,0.0,0.0,,0.0
2026-08-15,8,25C,1111853,2.2,1.9,,4.1
2026-08-15,9,102525,657298,0.0,0.0,,0.0
2026-08-15,10,100711,753033,1.4,1.4,,2.8
2026-08-15,11,105153,142248,0.0,0.0,,0.0
2026-08-15,12,100711,753000,0.0,0.0,,0.0
2026-08-15,13,25C,1111891,0.3,0.0,,0.3
2026-08-15,14,25C,1111894,4.0,3.6,,7.6
2026-08-15,15,100711,753363,2.6,2.3,,4.9
2026-08-15,16,340075,652706,1.7,1.8,,3.5
2026-08-15,17,100711,753261,1.9,2.0,,3.9
2026-08-15,18,100711,753248,1.8,1.8,,3.6
2026-08-15,19,25C,1111884,1.3,1.6,,2.9000000000000004
2026-08-15,20,100711,753250,2.5,2.7,,5.2
2026-08-15,21,100711,753294,4.1,3.8,,7.8999999999999995
2026-08-15,22,25C,1111899,5.0,4.6,,9.6
2026-08-15,23,25C,1111852,2.3,2.3,,4.6
2026-08-15,24,100648,121543,1.2,1.9,,3.0999999999999996
2026-08-15,25,100646,876742,2.4,2.5,,4.9
2026-08-15,26,25C,1111885,2.8,3.6,,6.4
2026-08-15,27,25C,1111881,1.6,1.6,,3.2
2026-08-15,28,25C,1111858,2.3,2.4,,4.699999999999999
2026-08-15,29,106203,526677,0.0,0.2,,0.2
2026-08-15,30,25C,1111859,1.7,1.2,,2.9
2026-08-15,31,102540,482731,4.4,4.7,,9.100000000000001
2026-08-15,32,25C,1111893,6.2,5.6,,11.8
2026-08-15,33,25C,1111864,1.2,1.3,,2.5
2026-08-15,34,100711,753090,3.6,3.8,,7.4
2026-08-15,35,103352,627815,2.6,2.5,,5.1
2026-08-15,36,25C,1111869,4.5,5.0,,9.5
2026-08-15,37,100648,119170,5.5,3.6,,9.1
2026-08-15,38,25C,1111861,5.7,6.3,,12.0
2026-08-15,39,103352,819682,3.6,4.0,,7.6
2026-08-15,40,100711,753204,3.3,3.5,,6.8
2026-08-15,41,106190,606824,2.2,3.9,,6.1
2026-08-15,42,25C,1111876,0.0,2.6,,2.6
2026-08-15,43,25C,1111856,4.3,5.0,,9.3
2026-08-15,44,25C,1111897,3.9,4.2,,8.1
2026-08-15,45,25C,1111873,2.4,2.6,,5.0
2026-08-15,46,25C,1111874,2.6,2.6,,5.2
2026-08-15,47,25C,1111862,5.5,3.3,,8.8
2026-08-15,48,106190,608273,2.7,3.6,,6.300000000000001
2026-08-15,49,25C,1111877,4.0,3.4,,7.4
2026-08-15,50,180064,876580,3.0,3.4,,6.4
2026-08-15,51,1061520,10782,3.2,3.0,,6.2
2026-08-15,52,102632,508757,0.0,0.0,,0.0
2026-08-15,53,25C,1111880,4.5,4.9,,9.4
2026-08-15,54,25C,1111867,3.6,3.6,,7.2
2026-08-15,55,25C,1111892,2.7,2.9,,5.6
2026-08-15,56,100649,445286,3.2,3.3,,6.5
2026-08-15,57,25C,1111898,0.0,0.0,,0.0
2026-08-16,1,25C,1111857,1.6,1.8,,3.4000000000000004
2026-08-16,2,25C,1111878,0.8,0.8,,1.6
2026-08-16,3,100711,753283,1.5,1.3,,2.8
2026-08-16,4,25C,1111882,0.0,0.0,,0.0
2026-08-16,5,106208,691820,0.0,0.0,,0.0
2026-08-16,6,25C,1111883,0.0,0.0,,0.0
2026-08-16,7,25C,1111863,0.0,0.0,,0.0
2026-08-16,8,25C,1111853,2.0,1.5,,3.5
2026-08-16,9,102525,657298,0.0,0.0,,0.0
2026-08-16,10,100711,753033,1.5,1.4,,2.9
2026-08-16,11,105153,142248,0.0,0.0,,0.0
2026-08-16,12,100711,753000,0.0,0.0,,0.0
2026-08-16,13,25C,1111891,0.2,0.0,,0.2
2026-08-16,14,25C,1111894,4.1,4.2,,8.3
2026-08-16,15,100711,753363,2.6,2.2,,4.800000000000001
2026-08-16,16,340075,652706,1.7,1.6,,3.3
2026-08-16,17,100711,753261,2.1,2.2,,4.300000000000001
2026-08-16,18,100711,753248,1.9,1.8,,3.7
2026-08-16,19,25C,1111884,0.0,1.2,,1.2
2026-08-16,20,100711,753250,2.5,2.6,,5.1
2026-08-16,21,100711,753294,4.0,4.0,,8.0
2026-08-16,22,25C,1111899,4.6,4.6,,9.2
2026-08-16,23,25C,1111852,2.4,2.4,,4.8
2026-08-16,24,100648,121543,1.5,1.5,,3.0
2026-08-16,25,100646,876742,2.8,2.8,,5.6
2026-08-16,26,25C,1111885,3.8,3.2,,7.0
2026-08-16,27,25C,1111881,1.5,1.7,,3.2
2026-08-16,28,25C,1111858,2.2,2.4,,4.6
2026-08-16,29,106203,526677,0.0,0.3,,0.3
2026-08-16,30,25C,1111859,1.7,1.6,,3.3
2026-08-16,31,102540,482731,4.7,4.1,,8.8
2026-08-16,32,25C,1111893,5.5,3.8,,9.3
2026-08-16,33,25C,1111864,1.5,1.5,,3.0
2026-08-16,34,100711,753090,3.8,3.8,,7.6
2026-08-16,35,103352,627815,2.6,2.9,,5.5
2026-08-16,36,25C,1111869,4.4,5.1,,9.5
2026-08-16,37,100648,119170,3.3,2.6,,5.9
2026-08-16,38,25C,1111861,5.9,6.2,,12.100000000000001
2026-08-16,39,103352,819682,3.7,4.3,,8.0
2026-08-16,40,100711,753204,3.0,3.4,,6.4
2026-08-16,41,106190,606824,2.1,2.1,,4.2
2026-08-16,42,25C,1111876,4.0,5.4,,9.4
2026-08-16,43,25C,1111856,5.1,5.4,,10.5
2026-08-16,44,25C,1111897,4.2,4.0,,8.2
2026-08-16,45,25C,1111873,2.2,2.4,,4.6
2026-08-16,46,25C,1111874,2.8,2.6,,5.4
2026-08-16,47,25C,1111862,7.1,3.4,,10.5
2026-08-16,48,106190,608273,3.6,3.3,,6.9
2026-08-16,49,25C,1111877,3.9,4.5,,8.4
2026-08-16,50,180064,876580,2.2,3.5,,5.7
2026-08-16,51,1061520,10782,3.5,3.2,,6.7
2026-08-16,52,102632,508757,0.0,0.0,,0.0
2026-08-16,53,25C,1111880,5.2,5.5,,10.7
2026-08-16,54,25C,1111867,3.9,3.3,,7.199999999999999
2026-08-16,55,25C,1111892,3.6,2.8,,6.4
2026-08-16,56,100649,445286,3.4,3.2,,6.6
2026-08-16,57,25C,1111898,0.0,0.0,,0.0
